<?xml version="1.0" encoding="utf-8"?>
<ModelInformation Version="1.0">
  <Model>
    <P Name="SavedCharacterEncoding">UTF-8</P>
    <P Name="EnableAccessToBaseWorkspace">on</P>
    <P Name="SLXCompressionType">Normal</P>
    <P Name="ScopeRefreshTime">0.035000</P>
    <P Name="OverrideScopeRefreshTime">on</P>
    <P Name="DisableAllScopes">off</P>
    <P Name="DataTypeOverride">UseLocalSettings</P>
    <P Name="DataTypeOverrideAppliesTo">AllNumericTypes</P>
    <P Name="MinMaxOverflowLogging">UseLocalSettings</P>
    <P Name="MinMaxOverflowArchiveMode">Overwrite</P>
    <P Name="FPTRunName">Run 1</P>
    <P Name="MaxMDLFileLineLength">120</P>
    <P Name="LastSavedArchitecture">glnxa64</P>
    <P Name="HideAutomaticNames">on</P>
    <ConfigManagerSettings>
      <P Name="UpdateHistory">UpdateHistoryNever</P>
      <P Name="ModifiedByFormat">%&lt;Auto&gt;</P>
      <P Name="ModifiedDateFormat">%&lt;Auto&gt;</P>
      <P Name="RTWModifiedTimeStamp">511704665</P>
      <P Name="ModelVersionFormat">1.%&lt;AutoIncrement:91&gt;</P>
    </ConfigManagerSettings>
    <EditorSettings>
      <P Name="SampleTimeColors">on</P>
      <P Name="SampleTimeAnnotations">off</P>
      <P Name="LibraryLinkDisplay">disabled</P>
      <P Name="WideLines">off</P>
      <P Name="ShowLineDimensions">on</P>
      <P Name="ShowPortDataTypes">off</P>
      <P Name="ShowAllPropagatedSignalLabels">off</P>
      <P Name="PortDataTypeDisplayFormat">AliasTypeOnly</P>
      <P Name="ShowEditTimeErrors">on</P>
      <P Name="ShowEditTimeWarnings">on</P>
      <P Name="ShowEditTimeAdvisorChecks">off</P>
      <P Name="ShowPortUnits">off</P>
      <P Name="ShowDesignRanges">off</P>
      <P Name="ShowLoopsOnError">on</P>
      <P Name="IgnoreBidirectionalLines">off</P>
      <P Name="ShowStorageClass">off</P>
      <P Name="ShowTestPointIcons">on</P>
      <P Name="ShowSignalResolutionIcons">on</P>
      <P Name="ShowViewerIcons">on</P>
      <P Name="SortedOrder">off</P>
      <P Name="VariantCondition">off</P>
      <P Name="ShowLinearizationAnnotations">on</P>
      <P Name="ShowVisualizeInsertedRTB">on</P>
      <P Name="ShowMarkup">on</P>
      <P Name="BlockNameDataTip">off</P>
      <P Name="BlockParametersDataTip">off</P>
      <P Name="BlockDescriptionStringDataTip">off</P>
      <P Name="BlockVariantConditionDataTip">off</P>
      <P Name="ToolBar">on</P>
      <P Name="StatusBar">on</P>
      <P Name="BrowserShowLibraryLinks">off</P>
      <P Name="FunctionConnectors">off</P>
      <P Name="BrowserLookUnderMasks">off</P>
      <P Name="MultiThreadCoSim">on</P>
    </EditorSettings>
    <SimulationSettings>
      <P Name="SimulationMode">normal</P>
      <P Name="SILPILModeSetting">automated</P>
      <P Name="SILPILSystemUnderTest">topmodel</P>
      <P Name="SILPILSimulationModeTopModel">normal</P>
      <P Name="SILPILSimulationModeModelRef">normal</P>
      <P Name="SimTabSimulationMode">normal</P>
      <P Name="CodeVerificationMode">software-in-the-loop (sil)</P>
      <P Name="PauseTimes">5</P>
      <P Name="NumberOfSteps">1</P>
      <P Name="SnapshotBufferSize">10</P>
      <P Name="SnapshotInterval">10</P>
      <P Name="NumberOfLastSnapshots">0</P>
      <P Name="EnablePacing">off</P>
      <P Name="PacingRate">1</P>
      <P Name="LinearizationMsg">none</P>
      <P Name="Profile">off</P>
      <P Name="ParamWorkspaceSource">MATLABWorkspace</P>
      <P Name="AccelSystemTargetFile">accel.tlc</P>
      <P Name="AccelTemplateMakefile">accel_default_tmf</P>
      <P Name="AccelMakeCommand">make_rtw</P>
      <P Name="TryForcingSFcnDF">off</P>
      <Object PropName="DataLoggingOverride" ObjectID="1" ClassName="Simulink.SimulationData.ModelLoggingInfo">
        <P Name="model_" Class="char">$bdroot</P>
        <P Name="overrideMode_" Class="uint32">0U</P>
        <Array PropName="logAsSpecifiedByModels_" Type="Cell" Dimension="1*1">
          <Cell Class="char">$bdroot</Cell>
        </Array>
        <Array PropName="logAsSpecifiedByModelsSSIDs_" Type="Cell" Dimension="1*1">
          <Cell Class="double">[]</Cell>
        </Array>
      </Object>
      <Object PropName="InstrumentedSignals" ObjectID="2" ClassName="Simulink.HMI.InstrumentedSignals">
        <Array PropName="Persistence" Type="Struct" Dimension="11*1">
          <MATStruct>
            <Field Name="UUID" Class="char">2d31e4ed-a8d6-4c46-99e3-9d4462b4fce7</Field>
            <Field Name="BlockPath_" Class="char">Integrator1</Field>
            <Field Name="SID_" Class="char">229</Field>
            <Field Name="SubPath_" Class="char"/>
            <Field Name="OutputPortIndex_" Class="double">1.0</Field>
            <Field Name="LogicalPortIndex_" Class="double">0.0</Field>
            <Field Name="SignalName_" Class="char"/>
            <Field Name="SubSysPath_" Class="char"/>
            <Field Name="Decimation_" Class="double">1.0</Field>
            <Field Name="MaxPoints_" Class="double">0.0</Field>
            <Field Name="TargetBufferedStreaming_" Class="double">0.0</Field>
            <Field Name="IsFrameBased_" Class="double">0.0</Field>
            <Field Name="DomainType_" Class="char"/>
            <Array PropName="DomainParams_" Type="Struct" Dimension="1*1">
              <MATStruct/>
            </Array>
            <Field Name="VisualType_" Class="char"/>
          </MATStruct>
          <MATStruct>
            <Field Name="UUID" Class="char">96b619f3-0577-4867-9ed4-b7819d23d59a</Field>
            <Field Name="BlockPath_" Class="char">x_ref</Field>
            <Field Name="SID_" Class="char">250</Field>
            <Field Name="SubPath_" Class="char"/>
            <Field Name="OutputPortIndex_" Class="double">1.0</Field>
            <Field Name="LogicalPortIndex_" Class="double">0.0</Field>
            <Field Name="SignalName_" Class="char"/>
            <Field Name="SubSysPath_" Class="char"/>
            <Field Name="Decimation_" Class="double">1.0</Field>
            <Field Name="MaxPoints_" Class="double">0.0</Field>
            <Field Name="TargetBufferedStreaming_" Class="double">0.0</Field>
            <Field Name="IsFrameBased_" Class="double">0.0</Field>
            <Field Name="DomainType_" Class="char"/>
            <Array PropName="DomainParams_" Type="Struct" Dimension="1*1">
              <MATStruct/>
            </Array>
            <Field Name="VisualType_" Class="char"/>
          </MATStruct>
          <MATStruct>
            <Field Name="UUID" Class="char">99d2cf5a-233d-486f-8116-599a238ca43a</Field>
            <Field Name="BlockPath_" Class="char">y_ref</Field>
            <Field Name="SID_" Class="char">253</Field>
            <Field Name="SubPath_" Class="char"/>
            <Field Name="OutputPortIndex_" Class="double">1.0</Field>
            <Field Name="LogicalPortIndex_" Class="double">0.0</Field>
            <Field Name="SignalName_" Class="char"/>
            <Field Name="SubSysPath_" Class="char"/>
            <Field Name="Decimation_" Class="double">1.0</Field>
            <Field Name="MaxPoints_" Class="double">0.0</Field>
            <Field Name="TargetBufferedStreaming_" Class="double">0.0</Field>
            <Field Name="IsFrameBased_" Class="double">0.0</Field>
            <Field Name="DomainType_" Class="char"/>
            <Array PropName="DomainParams_" Type="Struct" Dimension="1*1">
              <MATStruct/>
            </Array>
            <Field Name="VisualType_" Class="char"/>
          </MATStruct>
          <MATStruct>
            <Field Name="UUID" Class="char">29cba809-9c3a-43db-9e75-6af3238ae8b3</Field>
            <Field Name="BlockPath_" Class="char">LQR</Field>
            <Field Name="SID_" Class="char">150</Field>
            <Field Name="SubPath_" Class="char"/>
            <Field Name="OutputPortIndex_" Class="double">1.0</Field>
            <Field Name="LogicalPortIndex_" Class="double">0.0</Field>
            <Field Name="SignalName_" Class="char"/>
            <Field Name="SubSysPath_" Class="char"/>
            <Field Name="Decimation_" Class="double">1.0</Field>
            <Field Name="MaxPoints_" Class="double">0.0</Field>
            <Field Name="TargetBufferedStreaming_" Class="double">0.0</Field>
            <Field Name="IsFrameBased_" Class="double">0.0</Field>
            <Field Name="DomainType_" Class="char"/>
            <Array PropName="DomainParams_" Type="Struct" Dimension="1*1">
              <MATStruct/>
            </Array>
            <Field Name="VisualType_" Class="char"/>
          </MATStruct>
          <MATStruct>
            <Field Name="UUID" Class="char">fb76ffb4-5b11-4842-8815-522e040231de</Field>
            <Field Name="BlockPath_" Class="char">Speeds to wL &amp; wR</Field>
            <Field Name="SID_" Class="char">43</Field>
            <Field Name="SubPath_" Class="char"/>
            <Field Name="OutputPortIndex_" Class="double">1.0</Field>
            <Field Name="LogicalPortIndex_" Class="double">0.0</Field>
            <Field Name="SignalName_" Class="char"/>
            <Field Name="SubSysPath_" Class="char"/>
            <Field Name="Decimation_" Class="double">1.0</Field>
            <Field Name="MaxPoints_" Class="double">0.0</Field>
            <Field Name="TargetBufferedStreaming_" Class="double">0.0</Field>
            <Field Name="IsFrameBased_" Class="double">0.0</Field>
            <Field Name="DomainType_" Class="char"/>
            <Array PropName="DomainParams_" Type="Struct" Dimension="1*1">
              <MATStruct/>
            </Array>
            <Field Name="VisualType_" Class="char"/>
          </MATStruct>
          <MATStruct>
            <Field Name="UUID" Class="char">1de39310-7c8f-4ab5-ac05-41b944d69177</Field>
            <Field Name="BlockPath_" Class="char">Sum1</Field>
            <Field Name="SID_" Class="char">9</Field>
            <Field Name="SubPath_" Class="char"/>
            <Field Name="OutputPortIndex_" Class="double">1.0</Field>
            <Field Name="LogicalPortIndex_" Class="double">0.0</Field>
            <Field Name="SignalName_" Class="char"/>
            <Field Name="SubSysPath_" Class="char"/>
            <Field Name="Decimation_" Class="double">1.0</Field>
            <Field Name="MaxPoints_" Class="double">0.0</Field>
            <Field Name="TargetBufferedStreaming_" Class="double">0.0</Field>
            <Field Name="IsFrameBased_" Class="double">0.0</Field>
            <Field Name="DomainType_" Class="char"/>
            <Array PropName="DomainParams_" Type="Struct" Dimension="1*1">
              <MATStruct/>
            </Array>
            <Field Name="VisualType_" Class="char"/>
          </MATStruct>
          <MATStruct>
            <Field Name="UUID" Class="char">c0eb2044-8cc0-4f4a-bd46-386de16bea0b</Field>
            <Field Name="BlockPath_" Class="char">Integrator</Field>
            <Field Name="SID_" Class="char">228</Field>
            <Field Name="SubPath_" Class="char"/>
            <Field Name="OutputPortIndex_" Class="double">1.0</Field>
            <Field Name="LogicalPortIndex_" Class="double">0.0</Field>
            <Field Name="SignalName_" Class="char"/>
            <Field Name="SubSysPath_" Class="char"/>
            <Field Name="Decimation_" Class="double">1.0</Field>
            <Field Name="MaxPoints_" Class="double">0.0</Field>
            <Field Name="TargetBufferedStreaming_" Class="double">0.0</Field>
            <Field Name="IsFrameBased_" Class="double">0.0</Field>
            <Field Name="DomainType_" Class="char"/>
            <Array PropName="DomainParams_" Type="Struct" Dimension="1*1">
              <MATStruct/>
            </Array>
            <Field Name="VisualType_" Class="char"/>
          </MATStruct>
          <MATStruct>
            <Field Name="UUID" Class="char">306e0a9e-4535-47c7-8b3b-987d504ec13d</Field>
            <Field Name="BlockPath_" Class="char">Atan</Field>
            <Field Name="SID_" Class="char">248</Field>
            <Field Name="SubPath_" Class="char"/>
            <Field Name="OutputPortIndex_" Class="double">1.0</Field>
            <Field Name="LogicalPortIndex_" Class="double">0.0</Field>
            <Field Name="SignalName_" Class="char"/>
            <Field Name="SubSysPath_" Class="char"/>
            <Field Name="Decimation_" Class="double">1.0</Field>
            <Field Name="MaxPoints_" Class="double">0.0</Field>
            <Field Name="TargetBufferedStreaming_" Class="double">0.0</Field>
            <Field Name="IsFrameBased_" Class="double">0.0</Field>
            <Field Name="DomainType_" Class="char"/>
            <Array PropName="DomainParams_" Type="Struct" Dimension="1*1">
              <MATStruct/>
            </Array>
            <Field Name="VisualType_" Class="char"/>
          </MATStruct>
          <MATStruct>
            <Field Name="UUID" Class="char">8908f871-94cf-4b0a-adf4-d93e93967154</Field>
            <Field Name="BlockPath_" Class="char">wrap2pi</Field>
            <Field Name="SID_" Class="char">316</Field>
            <Field Name="SubPath_" Class="char"/>
            <Field Name="OutputPortIndex_" Class="double">1.0</Field>
            <Field Name="LogicalPortIndex_" Class="double">0.0</Field>
            <Field Name="SignalName_" Class="char"/>
            <Field Name="SubSysPath_" Class="char"/>
            <Field Name="Decimation_" Class="double">1.0</Field>
            <Field Name="MaxPoints_" Class="double">0.0</Field>
            <Field Name="TargetBufferedStreaming_" Class="double">0.0</Field>
            <Field Name="IsFrameBased_" Class="double">0.0</Field>
            <Field Name="DomainType_" Class="char"/>
            <Array PropName="DomainParams_" Type="Struct" Dimension="1*1">
              <MATStruct/>
            </Array>
            <Field Name="VisualType_" Class="char"/>
          </MATStruct>
          <MATStruct>
            <Field Name="UUID" Class="char">0ac9ff7f-d4bf-4831-965a-4ad9eba3a39f</Field>
            <Field Name="BlockPath_" Class="char">Subsystem</Field>
            <Field Name="SID_" Class="char">267</Field>
            <Field Name="SubPath_" Class="char"/>
            <Field Name="OutputPortIndex_" Class="double">1.0</Field>
            <Field Name="LogicalPortIndex_" Class="double">0.0</Field>
            <Field Name="SignalName_" Class="char"/>
            <Field Name="SubSysPath_" Class="char"/>
            <Field Name="Decimation_" Class="double">1.0</Field>
            <Field Name="MaxPoints_" Class="double">0.0</Field>
            <Field Name="TargetBufferedStreaming_" Class="double">0.0</Field>
            <Field Name="IsFrameBased_" Class="double">0.0</Field>
            <Field Name="DomainType_" Class="char"/>
            <Array PropName="DomainParams_" Type="Struct" Dimension="1*1">
              <MATStruct/>
            </Array>
            <Field Name="VisualType_" Class="char"/>
          </MATStruct>
          <MATStruct>
            <Field Name="UUID" Class="char">2b52ea61-8047-4af3-ad81-20bb4a1e7ded</Field>
            <Field Name="BlockPath_" Class="char">Subsystem</Field>
            <Field Name="SID_" Class="char">267</Field>
            <Field Name="SubPath_" Class="char"/>
            <Field Name="OutputPortIndex_" Class="double">2.0</Field>
            <Field Name="LogicalPortIndex_" Class="double">0.0</Field>
            <Field Name="SignalName_" Class="char"/>
            <Field Name="SubSysPath_" Class="char"/>
            <Field Name="Decimation_" Class="double">1.0</Field>
            <Field Name="MaxPoints_" Class="double">0.0</Field>
            <Field Name="TargetBufferedStreaming_" Class="double">0.0</Field>
            <Field Name="IsFrameBased_" Class="double">0.0</Field>
            <Field Name="DomainType_" Class="char"/>
            <Array PropName="DomainParams_" Type="Struct" Dimension="1*1">
              <MATStruct/>
            </Array>
            <Field Name="VisualType_" Class="char"/>
          </MATStruct>
        </Array>
      </Object>
      <Object PropName="StreamingClients" ObjectID="3" ClassName="Simulink.HMI.StreamingClients">
        <Array PropName="Persistence" Type="Struct" Dimension="16*1">
          <MATStruct>
            <Field Name="UUID" Class="char">3acc7f05-fb2f-42d3-9b1b-899511aa7933</Field>
            <Array PropName="ModelPath_" Type="Cell" Dimension="0*1"/>
            <Array PropName="ModelPathSID_" Type="Cell" Dimension="0*1"/>
            <Field Name="SourceModel_" Class="char"/>
            <Field Name="SignalUUID_" Class="char">1479432e-e2bc-489d-a1af-fa32742a8ac3</Field>
            <Field Name="ObserverType_" Class="char">webclient_observer</Field>
            <Array PropName="ObserverParams_" Type="Struct" Dimension="1*1">
              <MATStruct>
                <Array PropName="Adaptors" Type="Struct" Dimension="1*1">
                  <MATStruct>
                    <Array PropName="Name" Type="Cell" Dimension="1*6">
                      <Cell Class="char">hmi_freq_converter</Cell>
                      <Cell Class="char">hmi_mag_phase_converter</Cell>
                      <Cell Class="char">hmi_choose_min_and_max</Cell>
                      <Cell Class="char">hmi_data_range_normalizer</Cell>
                      <Cell Class="char">hmi_discrete_filter</Cell>
                      <Cell Class="char">hmi_rwv_to_pixel_coords</Cell>
                    </Array>
                  </MATStruct>
                </Array>
                <Array PropName="LineSettings" Type="Struct" Dimension="1*1">
                  <MATStruct>
                    <Field Name="Axes" Class="uint32">[]</Field>
                    <Field Name="Color" Class="double">[0.0, 0.44705882352941179, 0.74117647058823533]</Field>
                    <Field Name="LineStyle" Class="char">-</Field>
                    <Field Name="ColorString" Class="char">#0072BD</Field>
                  </MATStruct>
                </Array>
              </MATStruct>
            </Array>
            <Field Name="UpdateRate_" Class="uint32">1U</Field>
            <Field Name="DimensionChannel_" Class="uint32">1U</Field>
            <Field Name="ObserveImaginaryPart_" Class="logical">0</Field>
            <Field Name="BusLeafPath_" Class="char"/>
          </MATStruct>
          <MATStruct>
            <Field Name="UUID" Class="char">2ac0bd99-b53d-4dc7-96e5-459cb2507efe</Field>
            <Array PropName="ModelPath_" Type="Cell" Dimension="0*1"/>
            <Array PropName="ModelPathSID_" Type="Cell" Dimension="0*1"/>
            <Field Name="SourceModel_" Class="char"/>
            <Field Name="SignalUUID_" Class="char">facb61ed-3efb-4f79-b1d3-e33c2a67f991</Field>
            <Field Name="ObserverType_" Class="char">webclient_observer</Field>
            <Array PropName="ObserverParams_" Type="Struct" Dimension="1*1">
              <MATStruct>
                <Array PropName="Adaptors" Type="Struct" Dimension="1*1">
                  <MATStruct>
                    <Array PropName="Name" Type="Cell" Dimension="1*6">
                      <Cell Class="char">hmi_freq_converter</Cell>
                      <Cell Class="char">hmi_mag_phase_converter</Cell>
                      <Cell Class="char">hmi_choose_min_and_max</Cell>
                      <Cell Class="char">hmi_data_range_normalizer</Cell>
                      <Cell Class="char">hmi_discrete_filter</Cell>
                      <Cell Class="char">hmi_rwv_to_pixel_coords</Cell>
                    </Array>
                  </MATStruct>
                </Array>
                <Array PropName="LineSettings" Type="Struct" Dimension="1*1">
                  <MATStruct>
                    <Field Name="Axes" Class="uint32">[]</Field>
                    <Field Name="Color" Class="double">[0.0, 0.44705882352941179, 0.74117647058823533]</Field>
                    <Field Name="LineStyle" Class="char">-</Field>
                    <Field Name="ColorString" Class="char">#0072BD</Field>
                  </MATStruct>
                </Array>
              </MATStruct>
            </Array>
            <Field Name="UpdateRate_" Class="uint32">1U</Field>
            <Field Name="DimensionChannel_" Class="uint32">1U</Field>
            <Field Name="ObserveImaginaryPart_" Class="logical">0</Field>
            <Field Name="BusLeafPath_" Class="char"/>
          </MATStruct>
          <MATStruct>
            <Field Name="UUID" Class="char">993ea9fd-a224-4ac6-bbf2-c609cfe6b77f</Field>
            <Array PropName="ModelPath_" Type="Cell" Dimension="0*1"/>
            <Array PropName="ModelPathSID_" Type="Cell" Dimension="0*1"/>
            <Field Name="SourceModel_" Class="char"/>
            <Field Name="SignalUUID_" Class="char">2d31e4ed-a8d6-4c46-99e3-9d4462b4fce7</Field>
            <Field Name="ObserverType_" Class="char">webclient_observer</Field>
            <Array PropName="ObserverParams_" Type="Struct" Dimension="1*1">
              <MATStruct>
                <Array PropName="Adaptors" Type="Struct" Dimension="1*1">
                  <MATStruct>
                    <Array PropName="Name" Type="Cell" Dimension="1*6">
                      <Cell Class="char">hmi_freq_converter</Cell>
                      <Cell Class="char">hmi_mag_phase_converter</Cell>
                      <Cell Class="char">hmi_choose_min_and_max</Cell>
                      <Cell Class="char">hmi_data_range_normalizer</Cell>
                      <Cell Class="char">hmi_discrete_filter</Cell>
                      <Cell Class="char">hmi_rwv_to_pixel_coords</Cell>
                    </Array>
                  </MATStruct>
                </Array>
                <Array PropName="LineSettings" Type="Struct" Dimension="1*1">
                  <MATStruct>
                    <Field Name="Axes" Class="uint32">[]</Field>
                    <Field Name="Color" Class="double">[0.0, 0.44705882352941179, 0.74117647058823533]</Field>
                    <Field Name="LineStyle" Class="char">-</Field>
                    <Field Name="ColorString" Class="char">#0072BD</Field>
                  </MATStruct>
                </Array>
              </MATStruct>
            </Array>
            <Field Name="UpdateRate_" Class="uint32">1U</Field>
            <Field Name="DimensionChannel_" Class="uint32">1U</Field>
            <Field Name="ObserveImaginaryPart_" Class="logical">0</Field>
            <Field Name="BusLeafPath_" Class="char"/>
          </MATStruct>
          <MATStruct>
            <Field Name="UUID" Class="char">032e297d-9399-4276-9b93-d653db3964a5</Field>
            <Array PropName="ModelPath_" Type="Cell" Dimension="0*1"/>
            <Array PropName="ModelPathSID_" Type="Cell" Dimension="0*1"/>
            <Field Name="SourceModel_" Class="char"/>
            <Field Name="SignalUUID_" Class="char">96b619f3-0577-4867-9ed4-b7819d23d59a</Field>
            <Field Name="ObserverType_" Class="char">webclient_observer</Field>
            <Array PropName="ObserverParams_" Type="Struct" Dimension="1*1">
              <MATStruct>
                <Array PropName="Adaptors" Type="Struct" Dimension="1*1">
                  <MATStruct>
                    <Array PropName="Name" Type="Cell" Dimension="1*6">
                      <Cell Class="char">hmi_freq_converter</Cell>
                      <Cell Class="char">hmi_mag_phase_converter</Cell>
                      <Cell Class="char">hmi_choose_min_and_max</Cell>
                      <Cell Class="char">hmi_data_range_normalizer</Cell>
                      <Cell Class="char">hmi_discrete_filter</Cell>
                      <Cell Class="char">hmi_rwv_to_pixel_coords</Cell>
                    </Array>
                  </MATStruct>
                </Array>
                <Array PropName="LineSettings" Type="Struct" Dimension="1*1">
                  <MATStruct>
                    <Field Name="Axes" Class="uint32">[]</Field>
                    <Field Name="Color" Class="double">[0.85098039215686272, 0.32549019607843138, 0.098039215686274508]</Field>
                    <Field Name="LineStyle" Class="char">-</Field>
                    <Field Name="ColorString" Class="char">#D95319</Field>
                  </MATStruct>
                </Array>
              </MATStruct>
            </Array>
            <Field Name="UpdateRate_" Class="uint32">1U</Field>
            <Field Name="DimensionChannel_" Class="uint32">1U</Field>
            <Field Name="ObserveImaginaryPart_" Class="logical">0</Field>
            <Field Name="BusLeafPath_" Class="char"/>
          </MATStruct>
          <MATStruct>
            <Field Name="UUID" Class="char">9056ab75-fc44-4450-a018-23423f2e128a</Field>
            <Array PropName="ModelPath_" Type="Cell" Dimension="0*1"/>
            <Array PropName="ModelPathSID_" Type="Cell" Dimension="0*1"/>
            <Field Name="SourceModel_" Class="char"/>
            <Field Name="SignalUUID_" Class="char">99d2cf5a-233d-486f-8116-599a238ca43a</Field>
            <Field Name="ObserverType_" Class="char">webclient_observer</Field>
            <Array PropName="ObserverParams_" Type="Struct" Dimension="1*1">
              <MATStruct>
                <Array PropName="Adaptors" Type="Struct" Dimension="1*1">
                  <MATStruct>
                    <Array PropName="Name" Type="Cell" Dimension="1*6">
                      <Cell Class="char">hmi_freq_converter</Cell>
                      <Cell Class="char">hmi_mag_phase_converter</Cell>
                      <Cell Class="char">hmi_choose_min_and_max</Cell>
                      <Cell Class="char">hmi_data_range_normalizer</Cell>
                      <Cell Class="char">hmi_discrete_filter</Cell>
                      <Cell Class="char">hmi_rwv_to_pixel_coords</Cell>
                    </Array>
                  </MATStruct>
                </Array>
                <Array PropName="LineSettings" Type="Struct" Dimension="1*1">
                  <MATStruct>
                    <Field Name="Axes" Class="uint32">[]</Field>
                    <Field Name="Color" Class="double">[0.92941176470588238, 0.69411764705882351, 0.12549019607843137]</Field>
                    <Field Name="LineStyle" Class="char">-</Field>
                    <Field Name="ColorString" Class="char">#EDB120</Field>
                  </MATStruct>
                </Array>
              </MATStruct>
            </Array>
            <Field Name="UpdateRate_" Class="uint32">1U</Field>
            <Field Name="DimensionChannel_" Class="uint32">1U</Field>
            <Field Name="ObserveImaginaryPart_" Class="logical">0</Field>
            <Field Name="BusLeafPath_" Class="char"/>
          </MATStruct>
          <MATStruct>
            <Field Name="UUID" Class="char">0451818f-3f7c-49ea-9678-e6716e55bc1f</Field>
            <Array PropName="ModelPath_" Type="Cell" Dimension="0*1"/>
            <Array PropName="ModelPathSID_" Type="Cell" Dimension="0*1"/>
            <Field Name="SourceModel_" Class="char"/>
            <Field Name="SignalUUID_" Class="char">29cba809-9c3a-43db-9e75-6af3238ae8b3</Field>
            <Field Name="ObserverType_" Class="char">webclient_observer</Field>
            <Array PropName="ObserverParams_" Type="Struct" Dimension="1*1">
              <MATStruct>
                <Array PropName="Adaptors" Type="Struct" Dimension="1*1">
                  <MATStruct>
                    <Array PropName="Name" Type="Cell" Dimension="1*6">
                      <Cell Class="char">hmi_freq_converter</Cell>
                      <Cell Class="char">hmi_mag_phase_converter</Cell>
                      <Cell Class="char">hmi_choose_min_and_max</Cell>
                      <Cell Class="char">hmi_data_range_normalizer</Cell>
                      <Cell Class="char">hmi_discrete_filter</Cell>
                      <Cell Class="char">hmi_rwv_to_pixel_coords</Cell>
                    </Array>
                  </MATStruct>
                </Array>
                <Array PropName="LineSettings" Type="Struct" Dimension="1*1">
                  <MATStruct>
                    <Field Name="Axes" Class="uint32">[]</Field>
                    <Field Name="Color" Class="double">[0.0, 0.44705882352941179, 0.74117647058823533]</Field>
                    <Field Name="LineStyle" Class="char">-</Field>
                    <Field Name="ColorString" Class="char">#0072BD</Field>
                  </MATStruct>
                </Array>
              </MATStruct>
            </Array>
            <Field Name="UpdateRate_" Class="uint32">1U</Field>
            <Field Name="DimensionChannel_" Class="uint32">1U</Field>
            <Field Name="ObserveImaginaryPart_" Class="logical">0</Field>
            <Field Name="BusLeafPath_" Class="char"/>
          </MATStruct>
          <MATStruct>
            <Field Name="UUID" Class="char">c7d0ee36-1852-48ae-80fc-dd2ab6456d84</Field>
            <Array PropName="ModelPath_" Type="Cell" Dimension="0*1"/>
            <Array PropName="ModelPathSID_" Type="Cell" Dimension="0*1"/>
            <Field Name="SourceModel_" Class="char"/>
            <Field Name="SignalUUID_" Class="char">fb76ffb4-5b11-4842-8815-522e040231de</Field>
            <Field Name="ObserverType_" Class="char">webclient_observer</Field>
            <Array PropName="ObserverParams_" Type="Struct" Dimension="1*1">
              <MATStruct>
                <Array PropName="Adaptors" Type="Struct" Dimension="1*1">
                  <MATStruct>
                    <Array PropName="Name" Type="Cell" Dimension="1*6">
                      <Cell Class="char">hmi_freq_converter</Cell>
                      <Cell Class="char">hmi_mag_phase_converter</Cell>
                      <Cell Class="char">hmi_choose_min_and_max</Cell>
                      <Cell Class="char">hmi_data_range_normalizer</Cell>
                      <Cell Class="char">hmi_discrete_filter</Cell>
                      <Cell Class="char">hmi_rwv_to_pixel_coords</Cell>
                    </Array>
                  </MATStruct>
                </Array>
                <Array PropName="LineSettings" Type="Struct" Dimension="1*1">
                  <MATStruct>
                    <Field Name="Axes" Class="uint32">[]</Field>
                    <Field Name="Color" Class="double">[0.0, 0.44705882352941179, 0.74117647058823533]</Field>
                    <Field Name="LineStyle" Class="char">-</Field>
                    <Field Name="ColorString" Class="char">#0072BD</Field>
                  </MATStruct>
                </Array>
              </MATStruct>
            </Array>
            <Field Name="UpdateRate_" Class="uint32">1U</Field>
            <Field Name="DimensionChannel_" Class="uint32">1U</Field>
            <Field Name="ObserveImaginaryPart_" Class="logical">0</Field>
            <Field Name="BusLeafPath_" Class="char"/>
          </MATStruct>
          <MATStruct>
            <Field Name="UUID" Class="char">14251469-606a-4a56-9288-0d24794cdd74</Field>
            <Array PropName="ModelPath_" Type="Cell" Dimension="0*1"/>
            <Array PropName="ModelPathSID_" Type="Cell" Dimension="0*1"/>
            <Field Name="SourceModel_" Class="char"/>
            <Field Name="SignalUUID_" Class="char">1de39310-7c8f-4ab5-ac05-41b944d69177</Field>
            <Field Name="ObserverType_" Class="char">webclient_observer</Field>
            <Array PropName="ObserverParams_" Type="Struct" Dimension="1*1">
              <MATStruct>
                <Array PropName="Adaptors" Type="Struct" Dimension="1*1">
                  <MATStruct>
                    <Array PropName="Name" Type="Cell" Dimension="1*6">
                      <Cell Class="char">hmi_freq_converter</Cell>
                      <Cell Class="char">hmi_mag_phase_converter</Cell>
                      <Cell Class="char">hmi_choose_min_and_max</Cell>
                      <Cell Class="char">hmi_data_range_normalizer</Cell>
                      <Cell Class="char">hmi_discrete_filter</Cell>
                      <Cell Class="char">hmi_rwv_to_pixel_coords</Cell>
                    </Array>
                  </MATStruct>
                </Array>
                <Array PropName="LineSettings" Type="Struct" Dimension="1*1">
                  <MATStruct>
                    <Field Name="Axes" Class="uint32">[]</Field>
                    <Field Name="Color" Class="double">[0.85098039215686272, 0.32549019607843138, 0.098039215686274508]</Field>
                    <Field Name="LineStyle" Class="char">-</Field>
                    <Field Name="ColorString" Class="char">#D95319</Field>
                  </MATStruct>
                </Array>
              </MATStruct>
            </Array>
            <Field Name="UpdateRate_" Class="uint32">1U</Field>
            <Field Name="DimensionChannel_" Class="uint32">1U</Field>
            <Field Name="ObserveImaginaryPart_" Class="logical">0</Field>
            <Field Name="BusLeafPath_" Class="char"/>
          </MATStruct>
          <MATStruct>
            <Field Name="UUID" Class="char">5898c850-90cb-4f31-bf56-f51334518300</Field>
            <Array PropName="ModelPath_" Type="Cell" Dimension="0*1"/>
            <Array PropName="ModelPathSID_" Type="Cell" Dimension="0*1"/>
            <Field Name="SourceModel_" Class="char"/>
            <Field Name="SignalUUID_" Class="char">c0eb2044-8cc0-4f4a-bd46-386de16bea0b</Field>
            <Field Name="ObserverType_" Class="char">webclient_observer</Field>
            <Array PropName="ObserverParams_" Type="Struct" Dimension="1*1">
              <MATStruct>
                <Array PropName="Adaptors" Type="Struct" Dimension="1*1">
                  <MATStruct>
                    <Array PropName="Name" Type="Cell" Dimension="1*6">
                      <Cell Class="char">hmi_freq_converter</Cell>
                      <Cell Class="char">hmi_mag_phase_converter</Cell>
                      <Cell Class="char">hmi_choose_min_and_max</Cell>
                      <Cell Class="char">hmi_data_range_normalizer</Cell>
                      <Cell Class="char">hmi_discrete_filter</Cell>
                      <Cell Class="char">hmi_rwv_to_pixel_coords</Cell>
                    </Array>
                  </MATStruct>
                </Array>
                <Array PropName="LineSettings" Type="Struct" Dimension="1*1">
                  <MATStruct>
                    <Field Name="Axes" Class="uint32">[]</Field>
                    <Field Name="Color" Class="double">[0.0, 0.44705882352941179, 0.74117647058823533]</Field>
                    <Field Name="LineStyle" Class="char">-</Field>
                    <Field Name="ColorString" Class="char">#0072BD</Field>
                  </MATStruct>
                </Array>
              </MATStruct>
            </Array>
            <Field Name="UpdateRate_" Class="uint32">1U</Field>
            <Field Name="DimensionChannel_" Class="uint32">1U</Field>
            <Field Name="ObserveImaginaryPart_" Class="logical">0</Field>
            <Field Name="BusLeafPath_" Class="char"/>
          </MATStruct>
          <MATStruct>
            <Field Name="UUID" Class="char">b41883ed-c097-44a8-9c48-f6df898246db</Field>
            <Array PropName="ModelPath_" Type="Cell" Dimension="0*1"/>
            <Array PropName="ModelPathSID_" Type="Cell" Dimension="0*1"/>
            <Field Name="SourceModel_" Class="char"/>
            <Field Name="SignalUUID_" Class="char">306e0a9e-4535-47c7-8b3b-987d504ec13d</Field>
            <Field Name="ObserverType_" Class="char">webclient_observer</Field>
            <Array PropName="ObserverParams_" Type="Struct" Dimension="1*1">
              <MATStruct>
                <Array PropName="Adaptors" Type="Struct" Dimension="1*1">
                  <MATStruct>
                    <Array PropName="Name" Type="Cell" Dimension="1*6">
                      <Cell Class="char">hmi_freq_converter</Cell>
                      <Cell Class="char">hmi_mag_phase_converter</Cell>
                      <Cell Class="char">hmi_choose_min_and_max</Cell>
                      <Cell Class="char">hmi_data_range_normalizer</Cell>
                      <Cell Class="char">hmi_discrete_filter</Cell>
                      <Cell Class="char">hmi_rwv_to_pixel_coords</Cell>
                    </Array>
                  </MATStruct>
                </Array>
                <Array PropName="LineSettings" Type="Struct" Dimension="1*1">
                  <MATStruct>
                    <Field Name="Axes" Class="uint32">[]</Field>
                    <Field Name="Color" Class="double">[0.85098039215686272, 0.32549019607843138, 0.098039215686274508]</Field>
                    <Field Name="LineStyle" Class="char">-</Field>
                    <Field Name="ColorString" Class="char">#D95319</Field>
                  </MATStruct>
                </Array>
              </MATStruct>
            </Array>
            <Field Name="UpdateRate_" Class="uint32">1U</Field>
            <Field Name="DimensionChannel_" Class="uint32">1U</Field>
            <Field Name="ObserveImaginaryPart_" Class="logical">0</Field>
            <Field Name="BusLeafPath_" Class="char"/>
          </MATStruct>
          <MATStruct>
            <Field Name="UUID" Class="char">68f705a0-cb72-4f6f-8e91-cfb074199eb5</Field>
            <Array PropName="ModelPath_" Type="Cell" Dimension="0*1"/>
            <Array PropName="ModelPathSID_" Type="Cell" Dimension="0*1"/>
            <Field Name="SourceModel_" Class="char"/>
            <Field Name="SignalUUID_" Class="char">830deaec-e3ce-4ac7-821d-09989e508b72</Field>
            <Field Name="ObserverType_" Class="char">webclient_observer</Field>
            <Array PropName="ObserverParams_" Type="Struct" Dimension="1*1">
              <MATStruct>
                <Array PropName="Adaptors" Type="Struct" Dimension="1*1">
                  <MATStruct>
                    <Array PropName="Name" Type="Cell" Dimension="1*6">
                      <Cell Class="char">hmi_freq_converter</Cell>
                      <Cell Class="char">hmi_mag_phase_converter</Cell>
                      <Cell Class="char">hmi_choose_min_and_max</Cell>
                      <Cell Class="char">hmi_data_range_normalizer</Cell>
                      <Cell Class="char">hmi_discrete_filter</Cell>
                      <Cell Class="char">hmi_rwv_to_pixel_coords</Cell>
                    </Array>
                  </MATStruct>
                </Array>
                <Array PropName="LineSettings" Type="Struct" Dimension="1*1">
                  <MATStruct>
                    <Field Name="Axes" Class="uint32">[]</Field>
                    <Field Name="Color" Class="double">[0.0, 0.44705882352941179, 0.74117647058823533]</Field>
                    <Field Name="LineStyle" Class="char">-</Field>
                    <Field Name="ColorString" Class="char">#0072BD</Field>
                  </MATStruct>
                </Array>
              </MATStruct>
            </Array>
            <Field Name="UpdateRate_" Class="uint32">1U</Field>
            <Field Name="DimensionChannel_" Class="uint32">1U</Field>
            <Field Name="ObserveImaginaryPart_" Class="logical">0</Field>
            <Field Name="BusLeafPath_" Class="char"/>
          </MATStruct>
          <MATStruct>
            <Field Name="UUID" Class="char">3f54f601-c64f-49b7-8a07-35bffde0418a</Field>
            <Array PropName="ModelPath_" Type="Cell" Dimension="0*1"/>
            <Array PropName="ModelPathSID_" Type="Cell" Dimension="0*1"/>
            <Field Name="SourceModel_" Class="char"/>
            <Field Name="SignalUUID_" Class="char">9f85c965-1f4b-402d-97d0-2b6f61714738</Field>
            <Field Name="ObserverType_" Class="char">webclient_observer</Field>
            <Array PropName="ObserverParams_" Type="Struct" Dimension="1*1">
              <MATStruct>
                <Array PropName="Adaptors" Type="Struct" Dimension="1*1">
                  <MATStruct>
                    <Array PropName="Name" Type="Cell" Dimension="1*6">
                      <Cell Class="char">hmi_freq_converter</Cell>
                      <Cell Class="char">hmi_mag_phase_converter</Cell>
                      <Cell Class="char">hmi_choose_min_and_max</Cell>
                      <Cell Class="char">hmi_data_range_normalizer</Cell>
                      <Cell Class="char">hmi_discrete_filter</Cell>
                      <Cell Class="char">hmi_rwv_to_pixel_coords</Cell>
                    </Array>
                  </MATStruct>
                </Array>
                <Array PropName="LineSettings" Type="Struct" Dimension="1*1">
                  <MATStruct>
                    <Field Name="Axes" Class="uint32">[]</Field>
                    <Field Name="Color" Class="double">[0.85098039215686272, 0.32549019607843138, 0.098039215686274508]</Field>
                    <Field Name="LineStyle" Class="char">-</Field>
                    <Field Name="ColorString" Class="char">#D95319</Field>
                  </MATStruct>
                </Array>
              </MATStruct>
            </Array>
            <Field Name="UpdateRate_" Class="uint32">1U</Field>
            <Field Name="DimensionChannel_" Class="uint32">1U</Field>
            <Field Name="ObserveImaginaryPart_" Class="logical">0</Field>
            <Field Name="BusLeafPath_" Class="char"/>
          </MATStruct>
          <MATStruct>
            <Field Name="UUID" Class="char">e90d7b72-f6b2-4670-86c9-e8e8ccdb62b8</Field>
            <Array PropName="ModelPath_" Type="Cell" Dimension="0*1"/>
            <Array PropName="ModelPathSID_" Type="Cell" Dimension="0*1"/>
            <Field Name="SourceModel_" Class="char"/>
            <Field Name="SignalUUID_" Class="char">a622cce6-0cb3-4ea2-a260-8fff1b5cfe7e</Field>
            <Field Name="ObserverType_" Class="char">webclient_observer</Field>
            <Array PropName="ObserverParams_" Type="Struct" Dimension="1*1">
              <MATStruct>
                <Array PropName="Adaptors" Type="Struct" Dimension="1*1">
                  <MATStruct>
                    <Array PropName="Name" Type="Cell" Dimension="1*6">
                      <Cell Class="char">hmi_freq_converter</Cell>
                      <Cell Class="char">hmi_mag_phase_converter</Cell>
                      <Cell Class="char">hmi_choose_min_and_max</Cell>
                      <Cell Class="char">hmi_data_range_normalizer</Cell>
                      <Cell Class="char">hmi_discrete_filter</Cell>
                      <Cell Class="char">hmi_rwv_to_pixel_coords</Cell>
                    </Array>
                  </MATStruct>
                </Array>
                <Array PropName="LineSettings" Type="Struct" Dimension="1*1">
                  <MATStruct>
                    <Field Name="Axes" Class="uint32">[]</Field>
                    <Field Name="Color" Class="double">[0.0, 0.44705882352941179, 0.74117647058823533]</Field>
                    <Field Name="LineStyle" Class="char">-</Field>
                    <Field Name="ColorString" Class="char">#0072BD</Field>
                  </MATStruct>
                </Array>
              </MATStruct>
            </Array>
            <Field Name="UpdateRate_" Class="uint32">1U</Field>
            <Field Name="DimensionChannel_" Class="uint32">1U</Field>
            <Field Name="ObserveImaginaryPart_" Class="logical">0</Field>
            <Field Name="BusLeafPath_" Class="char"/>
          </MATStruct>
          <MATStruct>
            <Field Name="UUID" Class="char">8b3c8a11-4ce4-4131-a649-ee4b7c2c037c</Field>
            <Array PropName="ModelPath_" Type="Cell" Dimension="0*1"/>
            <Array PropName="ModelPathSID_" Type="Cell" Dimension="0*1"/>
            <Field Name="SourceModel_" Class="char"/>
            <Field Name="SignalUUID_" Class="char">8908f871-94cf-4b0a-adf4-d93e93967154</Field>
            <Field Name="ObserverType_" Class="char">webclient_observer</Field>
            <Array PropName="ObserverParams_" Type="Struct" Dimension="1*1">
              <MATStruct>
                <Array PropName="Adaptors" Type="Struct" Dimension="1*1">
                  <MATStruct>
                    <Array PropName="Name" Type="Cell" Dimension="1*6">
                      <Cell Class="char">hmi_freq_converter</Cell>
                      <Cell Class="char">hmi_mag_phase_converter</Cell>
                      <Cell Class="char">hmi_choose_min_and_max</Cell>
                      <Cell Class="char">hmi_data_range_normalizer</Cell>
                      <Cell Class="char">hmi_discrete_filter</Cell>
                      <Cell Class="char">hmi_rwv_to_pixel_coords</Cell>
                    </Array>
                  </MATStruct>
                </Array>
                <Array PropName="LineSettings" Type="Struct" Dimension="1*1">
                  <MATStruct>
                    <Field Name="Axes" Class="uint32">[]</Field>
                    <Field Name="Color" Class="double">[0.0, 0.44705882352941179, 0.74117647058823533]</Field>
                    <Field Name="LineStyle" Class="char">-</Field>
                    <Field Name="ColorString" Class="char">#0072BD</Field>
                  </MATStruct>
                </Array>
              </MATStruct>
            </Array>
            <Field Name="UpdateRate_" Class="uint32">1U</Field>
            <Field Name="DimensionChannel_" Class="uint32">1U</Field>
            <Field Name="ObserveImaginaryPart_" Class="logical">0</Field>
            <Field Name="BusLeafPath_" Class="char"/>
          </MATStruct>
          <MATStruct>
            <Field Name="UUID" Class="char">ccdeb0e1-949d-4343-9e12-cde3424751a9</Field>
            <Array PropName="ModelPath_" Type="Cell" Dimension="0*1"/>
            <Array PropName="ModelPathSID_" Type="Cell" Dimension="0*1"/>
            <Field Name="SourceModel_" Class="char"/>
            <Field Name="SignalUUID_" Class="char">0ac9ff7f-d4bf-4831-965a-4ad9eba3a39f</Field>
            <Field Name="ObserverType_" Class="char">webclient_observer</Field>
            <Array PropName="ObserverParams_" Type="Struct" Dimension="1*1">
              <MATStruct>
                <Array PropName="Adaptors" Type="Struct" Dimension="1*1">
                  <MATStruct>
                    <Array PropName="Name" Type="Cell" Dimension="1*6">
                      <Cell Class="char">hmi_freq_converter</Cell>
                      <Cell Class="char">hmi_mag_phase_converter</Cell>
                      <Cell Class="char">hmi_choose_min_and_max</Cell>
                      <Cell Class="char">hmi_data_range_normalizer</Cell>
                      <Cell Class="char">hmi_discrete_filter</Cell>
                      <Cell Class="char">hmi_rwv_to_pixel_coords</Cell>
                    </Array>
                  </MATStruct>
                </Array>
                <Array PropName="LineSettings" Type="Struct" Dimension="1*1">
                  <MATStruct>
                    <Field Name="Axes" Class="uint32">[]</Field>
                    <Field Name="Color" Class="double">[0.0, 0.44705882352941179, 0.74117647058823533]</Field>
                    <Field Name="LineStyle" Class="char">-</Field>
                    <Field Name="ColorString" Class="char">#0072BD</Field>
                  </MATStruct>
                </Array>
              </MATStruct>
            </Array>
            <Field Name="UpdateRate_" Class="uint32">1U</Field>
            <Field Name="DimensionChannel_" Class="uint32">1U</Field>
            <Field Name="ObserveImaginaryPart_" Class="logical">0</Field>
            <Field Name="BusLeafPath_" Class="char"/>
          </MATStruct>
          <MATStruct>
            <Field Name="UUID" Class="char">a0372fd0-66e9-43f3-b4d3-6ad46c49ee80</Field>
            <Array PropName="ModelPath_" Type="Cell" Dimension="0*1"/>
            <Array PropName="ModelPathSID_" Type="Cell" Dimension="0*1"/>
            <Field Name="SourceModel_" Class="char"/>
            <Field Name="SignalUUID_" Class="char">2b52ea61-8047-4af3-ad81-20bb4a1e7ded</Field>
            <Field Name="ObserverType_" Class="char">webclient_observer</Field>
            <Array PropName="ObserverParams_" Type="Struct" Dimension="1*1">
              <MATStruct>
                <Array PropName="Adaptors" Type="Struct" Dimension="1*1">
                  <MATStruct>
                    <Array PropName="Name" Type="Cell" Dimension="1*6">
                      <Cell Class="char">hmi_freq_converter</Cell>
                      <Cell Class="char">hmi_mag_phase_converter</Cell>
                      <Cell Class="char">hmi_choose_min_and_max</Cell>
                      <Cell Class="char">hmi_data_range_normalizer</Cell>
                      <Cell Class="char">hmi_discrete_filter</Cell>
                      <Cell Class="char">hmi_rwv_to_pixel_coords</Cell>
                    </Array>
                  </MATStruct>
                </Array>
                <Array PropName="LineSettings" Type="Struct" Dimension="1*1">
                  <MATStruct>
                    <Field Name="Axes" Class="uint32">[]</Field>
                    <Field Name="Color" Class="double">[0.85098039215686272, 0.32549019607843138, 0.098039215686274508]</Field>
                    <Field Name="LineStyle" Class="char">-</Field>
                    <Field Name="ColorString" Class="char">#D95319</Field>
                  </MATStruct>
                </Array>
              </MATStruct>
            </Array>
            <Field Name="UpdateRate_" Class="uint32">1U</Field>
            <Field Name="DimensionChannel_" Class="uint32">1U</Field>
            <Field Name="ObserveImaginaryPart_" Class="logical">0</Field>
            <Field Name="BusLeafPath_" Class="char"/>
          </MATStruct>
        </Array>
      </Object>
    </SimulationSettings>
    <ExternalMode>
      <P Name="ExtModeBatchMode">off</P>
      <P Name="ExtModeEnableFloating">on</P>
      <P Name="ExtModeTrigType">manual</P>
      <P Name="ExtModeTrigMode">normal</P>
      <P Name="ExtModeTrigPort">1</P>
      <P Name="ExtModeTrigElement">any</P>
      <P Name="ExtModeTrigDuration">1000</P>
      <P Name="ExtModeTrigDurationFloating">auto</P>
      <P Name="ExtModeTrigHoldOff">0</P>
      <P Name="ExtModeTrigDelay">0</P>
      <P Name="ExtModeTrigDirection">rising</P>
      <P Name="ExtModeTrigLevel">0</P>
      <P Name="ExtModeArchiveMode">off</P>
      <P Name="ExtModeAutoIncOneShot">off</P>
      <P Name="ExtModeIncDirWhenArm">off</P>
      <P Name="ExtModeAddSuffixToVar">off</P>
      <P Name="ExtModeWriteAllDataToWs">off</P>
      <P Name="ExtModeArmWhenConnect">on</P>
      <P Name="ExtModeSkipDownloadWhenConnect">off</P>
      <P Name="ExtModeLogAll">on</P>
      <P Name="ExtModeAutoUpdateStatusClock">on</P>
    </ExternalMode>
    <ModelReferenceSettings>
      <P Name="ShowModelReferenceBlockVersion">off</P>
      <P Name="ShowModelReferenceBlockIO">off</P>
      <P Name="OrderedModelArguments">on</P>
    </ModelReferenceSettings>
    <ConcurrentExecutionSettings>
      <Object PropName="DataTransfer" ObjectID="4" ClassName="Simulink.GlobalDataTransfer">
        <P Name="DefaultTransitionBetweenSyncTasks" Class="char">Ensure deterministic transfer (maximum delay)</P>
        <P Name="DefaultTransitionBetweenAsyncTasks" Class="char">Ensure data integrity only</P>
        <P Name="DefaultTransitionBetweenContTasks" Class="char">Ensure deterministic transfer (minimum delay)</P>
        <P Name="DefaultExtrapolationMethodBetweenContTasks" Class="char">None</P>
      </Object>
      <P Name="ExplicitPartitioning">off</P>
    </ConcurrentExecutionSettings>
    <System Ref="system_root"/>
  </Model>
</ModelInformation>
