<?xml version="1.0" encoding="utf-8"?>
<GraphicalInterface>
  <P Name="NumRootInports">0</P>
  <P Name="NumRootOutports">0</P>
  <P Name="ParameterArgumentNames"/>
  <P Name="NumModelReferences">0</P>
  <P Name="NumTestPointedSignals">11</P>
  <TestPointedSignal>
    <P Name="SignalName"/>
    <P Name="FullBlockPath">$bdroot/Atan</P>
    <P Name="LogSignal">1</P>
    <P Name="MaxPoints">5000</P>
    <P Name="Decimation">2</P>
  </TestPointedSignal>
  <TestPointedSignal>
    <P Name="SignalName"/>
    <P Name="FullBlockPath">$bdroot/Integrator</P>
    <P Name="LogSignal">1</P>
    <P Name="MaxPoints">5000</P>
    <P Name="Decimation">2</P>
  </TestPointedSignal>
  <TestPointedSignal>
    <P Name="SignalName"/>
    <P Name="FullBlockPath">$bdroot/Integrator1</P>
    <P Name="LogSignal">1</P>
    <P Name="MaxPoints">5000</P>
    <P Name="Decimation">2</P>
  </TestPointedSignal>
  <TestPointedSignal>
    <P Name="SignalName"/>
    <P Name="FullBlockPath">$bdroot/LQR</P>
    <P Name="LogSignal">1</P>
    <P Name="MaxPoints">5000</P>
    <P Name="Decimation">2</P>
  </TestPointedSignal>
  <TestPointedSignal>
    <P Name="SignalName"/>
    <P Name="FullBlockPath">$bdroot/Speeds to wL &amp; wR</P>
    <P Name="LogSignal">1</P>
    <P Name="MaxPoints">5000</P>
    <P Name="Decimation">2</P>
  </TestPointedSignal>
  <TestPointedSignal>
    <P Name="SignalName"/>
    <P Name="FullBlockPath">$bdroot/Subsystem</P>
    <P Name="LogSignal">1</P>
    <P Name="MaxPoints">5000</P>
    <P Name="Decimation">2</P>
  </TestPointedSignal>
  <TestPointedSignal>
    <P Name="SignalName"/>
    <P Name="FullBlockPath">$bdroot/Subsystem</P>
    <P Name="PortIndex">2</P>
    <P Name="LogSignal">1</P>
    <P Name="MaxPoints">5000</P>
    <P Name="Decimation">2</P>
  </TestPointedSignal>
  <TestPointedSignal>
    <P Name="SignalName"/>
    <P Name="FullBlockPath">$bdroot/Sum1</P>
    <P Name="LogSignal">1</P>
    <P Name="MaxPoints">5000</P>
    <P Name="Decimation">2</P>
  </TestPointedSignal>
  <TestPointedSignal>
    <P Name="SignalName"/>
    <P Name="FullBlockPath">$bdroot/wrap2pi</P>
    <P Name="LogSignal">1</P>
    <P Name="MaxPoints">5000</P>
    <P Name="Decimation">2</P>
  </TestPointedSignal>
  <TestPointedSignal>
    <P Name="SignalName"/>
    <P Name="FullBlockPath">$bdroot/x_ref</P>
    <P Name="LogSignal">1</P>
    <P Name="MaxPoints">5000</P>
    <P Name="Decimation">2</P>
  </TestPointedSignal>
  <TestPointedSignal>
    <P Name="SignalName"/>
    <P Name="FullBlockPath">$bdroot/y_ref</P>
    <P Name="LogSignal">1</P>
    <P Name="MaxPoints">5000</P>
    <P Name="Decimation">2</P>
  </TestPointedSignal>
  <P Name="NumProvidedFunctions">0</P>
  <P Name="NumRequiredFunctions">0</P>
  <P Name="NumResetEvents">0</P>
  <P Name="HasInitializeEvent">0</P>
  <P Name="HasTerminateEvent">0</P>
  <P Name="PreCompExecutionDomainType">Unset</P>
  <P Name="IsExportFunctionModel">0</P>
  <P Name="IsArchitectureModel">0</P>
  <P Name="IsAUTOSARArchitectureModel">0</P>
  <P Name="NumParameterArguments">0</P>
  <P Name="NumExternalFileReferences">3</P>
  <ExternalFileReference>
    <P Name="Reference">dspinverses/ LU Inverse</P>
    <P Name="Path">$bdroot/LQR/ LU Inverse</P>
    <P Name="SID">324</P>
    <P Name="Type">LIBRARY_BLOCK</P>
  </ExternalFileReference>
  <ExternalFileReference>
    <P Name="Reference">simulink/Continuous/PID Controller</P>
    <P Name="Path">$bdroot/PID Controller</P>
    <P Name="SID">45</P>
    <P Name="Type">LIBRARY_BLOCK</P>
  </ExternalFileReference>
  <ExternalFileReference>
    <P Name="Reference">simulink/Sinks/XY Graph</P>
    <P Name="Path">$bdroot/XY Graph</P>
    <P Name="SID">391</P>
    <P Name="Type">LIBRARY_BLOCK</P>
  </ExternalFileReference>
  <P Name="OrderedModelArguments">1</P>
</GraphicalInterface>
