<?xml version="1.0" encoding="UTF-8"?>
<sltp_graph version="1.1" packageUris="http://schema.mathworks.com/mf0/sltp_mm/R2020a_201913111440">
  <sltp.mm.core.Context type="sltp.mm.core.Context" uuid="f362edb3-6b92-409d-97b8-0dfbf7d9709a">
    <priorityDirection>HighNumberLast</priorityDirection>
    <editorState type="sltp.mm.core.EditorState" uuid="7748876d-58ec-4ea9-8856-6d55d6b1fbd9">
      <isSynchronized>true</isSynchronized>
    </editorState>
    <rootTask type="sltp.mm.core.Task" uuid="fe51f171-9332-43c6-bb2b-370be5ccb186">
      <context type="sltp.mm.core.Context" uuid="f362edb3-6b92-409d-97b8-0dfbf7d9709a"/>
      <explicit>false</explicit>
      <name>Default</name>
      <priority>-2147483648</priority>
      <subgraph type="sltp.mm.core.Graph" uuid="ba949d12-ea52-43aa-bce7-62e6e9c35d6a">
        <tasks type="sltp.mm.core.Task" uuid="fc6a4c95-c8f6-43e8-b919-d007bd93f7d3">
          <baseTask>true</baseTask>
          <context type="sltp.mm.core.Context" uuid="f362edb3-6b92-409d-97b8-0dfbf7d9709a"/>
          <explicit>false</explicit>
          <id>1</id>
          <name>Cont</name>
          <priority>40</priority>
          <rates type="sltp.mm.core.Rate" uuid="fe6f8907-b24d-4b37-b0d3-3ae45b5c12c4">
            <annotation>Cont</annotation>
            <color>255</color>
            <hasBlocks>true</hasBlocks>
            <rateSpec type="sltp.mm.core.RateSpec">
              <period>0</period>
            </rateSpec>
            <sti>0</sti>
          </rates>
          <rates type="sltp.mm.core.Rate" uuid="708d5a60-381a-410f-a6c7-23f3497755f4">
            <annotation>FiM</annotation>
            <color>-2139062017</color>
            <hasBlocks>true</hasBlocks>
            <rateSpec type="sltp.mm.core.RateSpec">
              <offset>1</offset>
              <period>0</period>
            </rateSpec>
            <sti>1</sti>
          </rates>
        </tasks>
      </subgraph>
    </rootTask>
  </sltp.mm.core.Context>
</sltp_graph>