<?xml version="1.0" encoding="UTF-8"?>
<sltp_editor version="1.1" packageUris="http://schema.mathworks.com/mf0/DiagramEditor/R2019a_20181107 http://schema.mathworks.com/mf0/SltpSyntax/R2020a_201913111440">
  <sltp.mm.syntax.Context type="sltp.mm.syntax.Context" uuid="44b4b3f0-3894-402d-a555-e27bfb51951f">
    <rootGraph type="sltp.mm.syntax.Graph" uuid="d5b1d504-2462-4935-854a-e03ae1db0d26">
      <children type="sltp.mm.syntax.Node" uuid="055dc88d-76a2-4194-ba98-41d13a113e34">
        <priority>40</priority>
        <rates type="sltp.mm.syntax.RateData">
          <color>#000000</color>
          <hasBlocks>true</hasBlocks>
          <rate>0</rate>
          <title>Cont</title>
        </rates>
        <rates type="sltp.mm.syntax.RateData">
          <color>#808080</color>
          <hasBlocks>true</hasBlocks>
          <rate>[0, 1]</rate>
          <title>FiM</title>
        </rates>
        <title>Cont</title>
        <type>base</type>
        <diagramElement type="diagram.editor.model.Entity" uuid="b1b49f6e-d0ce-45bf-9ead-9d2803aa1a40"/>
        <subgraph type="sltp.mm.syntax.Graph" uuid="29e99cfd-f2ab-40db-9d35-2a183733d331">
          <title>Cont</title>
          <diagramElement type="diagram.editor.model.Diagram" uuid="76f4cbb8-0702-4b8a-b24d-9f0b74778389"/>
        </subgraph>
      </children>
      <title>Default</title>
      <diagramElement type="diagram.editor.model.Diagram" uuid="f8afed18-4dba-4d75-8ebe-d26a5100ed74"/>
    </rootGraph>
  </sltp.mm.syntax.Context>
  <diagram.editor.model.Diagram type="diagram.editor.model.Diagram" uuid="f8afed18-4dba-4d75-8ebe-d26a5100ed74">
    <entities type="diagram.editor.model.Entity" uuid="b1b49f6e-d0ce-45bf-9ead-9d2803aa1a40">
      <position>0,0</position>
      <size>0,0,0,0</size>
      <syntaxElement type="sltp.mm.syntax.Node" uuid="055dc88d-76a2-4194-ba98-41d13a113e34"/>
      <title>Cont</title>
      <type>base</type>
      <subDiagram type="diagram.editor.model.Diagram" uuid="76f4cbb8-0702-4b8a-b24d-9f0b74778389">
        <position>0,0</position>
        <syntaxElement type="sltp.mm.syntax.Graph" uuid="29e99cfd-f2ab-40db-9d35-2a183733d331"/>
        <title>Cont</title>
        <type>graph.Graph</type>
      </subDiagram>
    </entities>
    <syntaxElement type="sltp.mm.syntax.Graph" uuid="d5b1d504-2462-4935-854a-e03ae1db0d26"/>
    <title>Default</title>
    <type>graph.Graph</type>
  </diagram.editor.model.Diagram>
</sltp_editor>