<?xml version="1.0" encoding="UTF-8" standalone="yes" ?><cp:coreProperties xmlns:cp="http://schemas.openxmlformats.org/package/2006/metadata/core-properties" xmlns:dc="http://purl.org/dc/elements/1.1/" xmlns:dcmitype="http://purl.org/dc/dcmitype/" xmlns:dcterms="http://purl.org/dc/terms/" xmlns:xsi="http://www.w3.org/2001/XMLSchema-instance"><cp:category>model</cp:category><dcterms:created xsi:type="dcterms:W3CDTF">2020-03-06T12:58:02Z</dcterms:created><dc:creator>FlightControlLab</dc:creator><cp:lastModifiedBy>javier</cp:lastModifiedBy><dcterms:modified xsi:type="dcterms:W3CDTF">2020-05-18T11:42:17Z</dcterms:modified><cp:revision>1.91</cp:revision><cp:version>R2020a</cp:version></cp:coreProperties>