<?xml version="1.0" encoding="utf-8"?>
<System>
  <P Name="Location">[47, 153, 1486, 963]</P>
  <P Name="Open">on</P>
  <P Name="SetExecutionDomain">off</P>
  <P Name="ExecutionDomainType">Deduce</P>
  <P Name="ZoomFactor">80</P>
  <P Name="SimulinkSubDomain">Simulink</P>
  <Block BlockType="Inport" Name="Errors" SID="321">
    <P Name="Position">[1235, 833, 1265, 847]</P>
    <P Name="ZOrder">8986</P>
  </Block>
  <Block BlockType="Inport" Name="w_ref" SID="322">
    <P Name="Position">[130, 498, 160, 512]</P>
    <P Name="ZOrder">8988</P>
    <P Name="Port">2</P>
  </Block>
  <Block BlockType="Inport" Name="v_ref" SID="323">
    <P Name="Position">[90, 528, 120, 542]</P>
    <P Name="ZOrder">8989</P>
    <P Name="Port">3</P>
  </Block>
  <Block BlockType="Reference" Name=" LU Inverse" SID="324">
    <P Name="Ports">[1, 1]</P>
    <P Name="Position">[895, 725, 970, 785]</P>
    <P Name="ZOrder">9015</P>
    <P Name="ForegroundColor">magenta</P>
    <P Name="LibraryVersion">1.35</P>
    <P Name="SourceBlock">dspinverses/ LU Inverse</P>
    <P Name="SourceType">LU Inverse</P>
    <P Name="SourceProductBaseCode">DS</P>
    <InstanceData>
      <P Name="RTWMemSecFuncInitTerm">Inherit from model</P>
      <P Name="RTWMemSecFuncExecute">Inherit from model</P>
      <P Name="RTWMemSecDataConstants">Inherit from model</P>
      <P Name="RTWMemSecDataInternal">Inherit from model</P>
      <P Name="RTWMemSecDataParameters">Inherit from model</P>
      <P Name="ContentPreviewEnabled">on</P>
    </InstanceData>
  </Block>
  <Block BlockType="SubSystem" Name="A matrix" SID="325">
    <P Name="Ports">[2, 1]</P>
    <P Name="Position">[260, 490, 340, 550]</P>
    <P Name="ZOrder">8959</P>
    <P Name="RequestExecContextInheritance">off</P>
    <P Name="ContentPreviewEnabled">on</P>
    <System Ref="system_325"/>
  </Block>
  <Block BlockType="SubSystem" Name="B matrix" SID="341">
    <P Name="Ports">[0, 1]</P>
    <P Name="Position">[260, 597, 340, 653]</P>
    <P Name="ZOrder">8969</P>
    <P Name="ForegroundColor">magenta</P>
    <P Name="RequestExecContextInheritance">off</P>
    <P Name="ContentPreviewEnabled">on</P>
    <System Ref="system_341"/>
  </Block>
  <Block BlockType="Display" Name="Display" SID="346">
    <P Name="Ports">[1]</P>
    <P Name="Position">[625, 355, 860, 435]</P>
    <P Name="ZOrder">9020</P>
    <P Name="Decimation">1</P>
  </Block>
  <Block BlockType="Display" Name="Display1" SID="347">
    <P Name="Ports">[1]</P>
    <P Name="Position">[1110, 560, 1345, 640]</P>
    <P Name="ZOrder">9021</P>
    <P Name="Decimation">1</P>
  </Block>
  <Block BlockType="Display" Name="Display2" SID="348">
    <P Name="Ports">[1]</P>
    <P Name="Position">[1485, 865, 1720, 945]</P>
    <P Name="ZOrder">9022</P>
    <P Name="Decimation">1</P>
  </Block>
  <Block BlockType="Display" Name="Display3" SID="349">
    <P Name="Ports">[1]</P>
    <P Name="Position">[1115, 944, 1350, 996]</P>
    <P Name="ZOrder">9024</P>
    <P Name="Decimation">1</P>
  </Block>
  <Block BlockType="Display" Name="Display4" SID="350">
    <P Name="Ports">[1]</P>
    <P Name="Position">[1415, 1000, 1685, 1040]</P>
    <P Name="ZOrder">9025</P>
    <P Name="Decimation">1</P>
  </Block>
  <Block BlockType="Display" Name="Display6" SID="385">
    <P Name="Ports">[1]</P>
    <P Name="Position">[1390, 650, 1625, 700]</P>
    <P Name="ZOrder">9028</P>
    <P Name="Decimation">1</P>
  </Block>
  <Block BlockType="Gain" Name="Gain" SID="401">
    <P Name="Position">[1265, 750, 1295, 780]</P>
    <P Name="ZOrder">9029</P>
    <P Name="Gain">-1</P>
  </Block>
  <Block BlockType="Integrator" Name="Integrator" SID="409">
    <P Name="Ports">[1, 1]</P>
    <P Name="Position">[940, 585, 970, 615]</P>
    <P Name="ZOrder">9030</P>
  </Block>
  <Block BlockType="Product" Name="Matrix Multiply" SID="354">
    <P Name="Ports">[2, 1]</P>
    <P Name="Position">[1060, 819, 1115, 861]</P>
    <P Name="ZOrder">8928</P>
    <P Name="Multiplication">Matrix(*)</P>
  </Block>
  <Block BlockType="Product" Name="Matrix Multiply1" SID="355">
    <P Name="Ports">[2, 1]</P>
    <P Name="Position">[1175, 744, 1230, 786]</P>
    <P Name="ZOrder">8930</P>
    <P Name="Multiplication">Matrix(*)</P>
  </Block>
  <Block BlockType="Product" Name="Multiply" SID="356">
    <P Name="Ports">[2, 1]</P>
    <P Name="Position">[1325, 752, 1375, 808]</P>
    <P Name="ZOrder">8985</P>
    <P Name="Multiplication">Matrix(*)</P>
  </Block>
  <Block BlockType="Constant" Name="R matrix" SID="357">
    <P Name="Position">[440, 650, 525, 700]</P>
    <P Name="ZOrder">8984</P>
    <P Name="ForegroundColor">magenta</P>
    <P Name="Value">1e6*eye(2)</P>
    <P Name="VectorParams1D">off</P>
  </Block>
  <Block BlockType="SubSystem" Name="Riccati Eqn" SID="353">
    <P Name="Ports">[4, 1]</P>
    <P Name="Position">[720, 502, 845, 698]</P>
    <P Name="ZOrder">8925</P>
    <P Name="LibraryVersion">1.32</P>
    <P Name="ErrorFcn">Stateflow.Translate.translate</P>
    <P Name="PermitHierarchicalResolution">ExplicitOnly</P>
    <P Name="TreatAsAtomicUnit">on</P>
    <P Name="RequestExecContextInheritance">off</P>
    <P Name="SFBlockType">MATLAB Function</P>
    <System Ref="system_353"/>
  </Block>
  <Block BlockType="Math" Name="Transpose" SID="358">
    <P Name="Ports">[1, 1]</P>
    <P Name="Position">[755, 810, 810, 850]</P>
    <P Name="ZOrder">8927</P>
    <P Name="ForegroundColor">magenta</P>
    <P Name="Operator">transpose</P>
    <P Name="SignedPower">on</P>
  </Block>
  <Block BlockType="Outport" Name="u" SID="359">
    <P Name="Position">[1455, 773, 1485, 787]</P>
    <P Name="ZOrder">8993</P>
    <P Name="VectorParamsAs1DForOutWhenUnconnected">off</P>
  </Block>
  <Line>
    <P Name="ZOrder">1</P>
    <P Name="Src">341#out:1</P>
    <P Name="Points">[344, 0]</P>
    <Branch>
      <P Name="ZOrder">2</P>
      <P Name="Points">[0, 205]</P>
      <P Name="Dst">358#in:1</P>
    </Branch>
    <Branch>
      <P Name="ZOrder">3</P>
      <P Name="Dst">353#in:3</P>
    </Branch>
  </Line>
  <Line>
    <P Name="ZOrder">5</P>
    <P Name="Src">357#out:1</P>
    <P Name="Points">[78, 0]</P>
    <Branch>
      <P Name="ZOrder">6</P>
      <P Name="Points">[0, 80]</P>
      <P Name="Dst">324#in:1</P>
    </Branch>
    <Branch>
      <P Name="ZOrder">7</P>
      <P Name="Dst">353#in:4</P>
    </Branch>
  </Line>
  <Line>
    <P Name="ZOrder">8</P>
    <P Name="Src">325#out:1</P>
    <P Name="Points">[189, 0; 0, 55; 58, 0]</P>
    <Branch>
      <P Name="ZOrder">9</P>
      <P Name="Points">[0, -180]</P>
      <P Name="Dst">346#in:1</P>
    </Branch>
    <Branch>
      <P Name="ZOrder">10</P>
      <P Name="Dst">353#in:2</P>
    </Branch>
  </Line>
  <Line>
    <P Name="ZOrder">11</P>
    <P Name="Src">356#out:1</P>
    <P Name="Points">[34, 0]</P>
    <Branch>
      <P Name="ZOrder">12</P>
      <P Name="Points">[0, 125]</P>
      <P Name="Dst">348#in:1</P>
    </Branch>
    <Branch>
      <P Name="ZOrder">13</P>
      <P Name="Dst">359#in:1</P>
    </Branch>
  </Line>
  <Line>
    <P Name="ZOrder">18</P>
    <P Name="Src">354#out:1</P>
    <P Name="Points">[18, 0]</P>
    <Branch>
      <P Name="ZOrder">19</P>
      <P Name="Points">[0, 63; -92, 0; 0, 67]</P>
      <P Name="Dst">349#in:1</P>
    </Branch>
    <Branch>
      <P Name="ZOrder">20</P>
      <P Name="Points">[6, 0; 0, -65]</P>
      <P Name="Dst">355#in:2</P>
    </Branch>
  </Line>
  <Line>
    <P Name="ZOrder">21</P>
    <P Name="Src">358#out:1</P>
    <P Name="Dst">354#in:1</P>
  </Line>
  <Line>
    <P Name="ZOrder">23</P>
    <P Name="Src">322#out:1</P>
    <P Name="Dst">325#in:1</P>
  </Line>
  <Line>
    <P Name="ZOrder">24</P>
    <P Name="Src">323#out:1</P>
    <P Name="Dst">325#in:2</P>
  </Line>
  <Line>
    <P Name="ZOrder">25</P>
    <P Name="Src">321#out:1</P>
    <P Name="Points">[15, 0]</P>
    <Branch>
      <P Name="ZOrder">40</P>
      <P Name="Points">[0, -45]</P>
      <P Name="Dst">356#in:2</P>
    </Branch>
    <Branch>
      <P Name="ZOrder">26</P>
      <P Name="Points">[0, 36; 110, 0; 0, 144]</P>
      <P Name="Dst">350#in:1</P>
    </Branch>
  </Line>
  <Line>
    <P Name="ZOrder">37</P>
    <P Name="Src">324#out:1</P>
    <P Name="Dst">355#in:1</P>
  </Line>
  <Line>
    <P Name="ZOrder">38</P>
    <P Name="Src">355#out:1</P>
    <P Name="Dst">401#in:1</P>
  </Line>
  <Line>
    <P Name="ZOrder">39</P>
    <P Name="Src">401#out:1</P>
    <P Name="Points">[9, 0]</P>
    <Branch>
      <P Name="ZOrder">42</P>
      <P Name="Points">[0, -90]</P>
      <P Name="Dst">385#in:1</P>
    </Branch>
    <Branch>
      <P Name="ZOrder">41</P>
      <P Name="Dst">356#in:1</P>
    </Branch>
  </Line>
  <Line>
    <P Name="ZOrder">54</P>
    <P Name="Src">353#out:1</P>
    <P Name="Dst">409#in:1</P>
  </Line>
  <Line>
    <P Name="ZOrder">61</P>
    <P Name="Src">409#out:1</P>
    <P Name="Points">[30, 0]</P>
    <Branch>
      <P Name="ZOrder">65</P>
      <P Name="Points">[0, -122; -300, 0]</P>
      <P Name="Dst">353#in:1</P>
    </Branch>
    <Branch>
      <P Name="ZOrder">64</P>
      <P Name="Points">[33, 0]</P>
      <Branch>
        <P Name="ZOrder">63</P>
        <P Name="Points">[0, 250]</P>
        <P Name="Dst">354#in:2</P>
      </Branch>
      <Branch>
        <P Name="ZOrder">62</P>
        <P Name="Dst">347#in:1</P>
      </Branch>
    </Branch>
  </Line>
  <Annotation SID="360">
    <P Name="Name">K</P>
    <P Name="Position">[1272, 720, 1280, 735]</P>
    <P Name="InternalMargins">[0, 0, 0, 0]</P>
    <P Name="ZOrder">-1</P>
  </Annotation>
</System>
