<?xml version="1.0" encoding="utf-8"?>
<System>
  <P Name="Location">[47, 153, 1486, 963]</P>
  <P Name="SetExecutionDomain">off</P>
  <P Name="ExecutionDomainType">Deduce</P>
  <P Name="ZoomFactor">80</P>
  <P Name="ReportName">simulink-default.rpt</P>
  <P Name="SIDHighWatermark">410</P>
  <P Name="SimulinkSubDomain">Simulink</P>
  <Block BlockType="Trigonometry" Name="Atan" SID="248">
    <P Name="Ports">[1, 1]</P>
    <P Name="Position">[-195, 310, -165, 340]</P>
    <P Name="ZOrder">9393</P>
    <P Name="Operator">atan</P>
    <Port>
      <P Name="PortNumber">1</P>
    </Port>
  </Block>
  <Block BlockType="Constant" Name="Constant" SID="299">
    <P Name="Position">[820, -25, 850, 5]</P>
    <P Name="ZOrder">9361</P>
    <P Name="ForegroundColor">magenta</P>
    <P Name="Value">0</P>
  </Block>
  <Block BlockType="Constant" Name="Constant1" SID="300">
    <P Name="Position">[820, 25, 850, 55]</P>
    <P Name="ZOrder">9362</P>
    <P Name="ForegroundColor">magenta</P>
    <P Name="Value">0</P>
  </Block>
  <Block BlockType="DashboardScope" Name="Dashboard Scope" SID="408">
    <P Name="Position">[1930, -45, 2300, 235]</P>
    <P Name="ZOrder">9429</P>
    <P Name="ShowName">off</P>
    <P Name="BindingPersistence" Ref="bdmxdata:BindingPersistence_408"/>
  </Block>
  <Block BlockType="DashboardScope" Name="Dashboard Scope1" SID="407">
    <P Name="Position">[705, 410, 1090, 595]</P>
    <P Name="ZOrder">9428</P>
    <P Name="ShowName">off</P>
    <P Name="BindingPersistence" Ref="bdmxdata:BindingPersistence_407"/>
  </Block>
  <Block BlockType="DashboardScope" Name="Dashboard Scope2" SID="406">
    <P Name="Position">[1740, 455, 2245, 690]</P>
    <P Name="ZOrder">9427</P>
    <P Name="ShowName">off</P>
    <P Name="BindingPersistence" Ref="bdmxdata:BindingPersistence_406"/>
  </Block>
  <Block BlockType="DashboardScope" Name="Dashboard Scope4" SID="405">
    <P Name="Position">[50, 410, 380, 670]</P>
    <P Name="ZOrder">9426</P>
    <P Name="ShowName">off</P>
    <P Name="BindingPersistence" Ref="bdmxdata:BindingPersistence_405"/>
  </Block>
  <Block BlockType="DashboardScope" Name="Dashboard Scope5" SID="404">
    <P Name="Position">[35, -45, 340, 150]</P>
    <P Name="ZOrder">9425</P>
    <P Name="ShowName">off</P>
    <P Name="BindingPersistence" Ref="bdmxdata:BindingPersistence_404"/>
  </Block>
  <Block BlockType="Demux" Name="Demux" SID="396">
    <P Name="Ports">[1, 2]</P>
    <P Name="Position">[1845, 86, 1850, 124]</P>
    <P Name="ZOrder">9420</P>
    <P Name="ShowName">off</P>
    <P Name="Outputs">2</P>
  </Block>
  <Block BlockType="Display" Name="Display2" SID="304">
    <P Name="Ports">[1]</P>
    <P Name="Position">[670, 277, 760, 323]</P>
    <P Name="ZOrder">9366</P>
    <P Name="Decimation">1</P>
  </Block>
  <Block BlockType="Product" Name="Divide" SID="247">
    <P Name="Ports">[2, 1]</P>
    <P Name="Position">[-340, 307, -310, 338]</P>
    <P Name="ZOrder">9009</P>
    <P Name="Inputs">*/</P>
  </Block>
  <Block BlockType="SubSystem" Name="Feedforward" SID="10">
    <P Name="Ports">[3, 1]</P>
    <P Name="Position">[490, 43, 560, 107]</P>
    <P Name="ZOrder">10</P>
    <P Name="ErrorFcn">Stateflow.Translate.translate</P>
    <P Name="PermitHierarchicalResolution">ExplicitOnly</P>
    <P Name="TreatAsAtomicUnit">on</P>
    <P Name="RequestExecContextInheritance">off</P>
    <P Name="SFBlockType">MATLAB Function</P>
    <P Name="ContentPreviewEnabled">on</P>
    <System Ref="system_10"/>
  </Block>
  <Block BlockType="Integrator" Name="Integrator" SID="228">
    <P Name="Ports">[1, 1]</P>
    <P Name="Position">[1465, 135, 1495, 165]</P>
    <P Name="ZOrder">8998</P>
    <Port>
      <P Name="PortNumber">1</P>
    </Port>
  </Block>
  <Block BlockType="Integrator" Name="Integrator1" SID="229">
    <P Name="Ports">[1, 1]</P>
    <P Name="Position">[1755, 90, 1785, 120]</P>
    <P Name="ZOrder">8999</P>
    <Port>
      <P Name="PortNumber">1</P>
    </Port>
  </Block>
  <Block BlockType="SubSystem" Name="LQR" SID="320">
    <P Name="Ports">[3, 1]</P>
    <P Name="Position">[475, 194, 570, 316]</P>
    <P Name="ZOrder">9380</P>
    <P Name="RequestExecContextInheritance">off</P>
    <P Name="ContentPreviewEnabled">on</P>
    <Port>
      <P Name="PortNumber">1</P>
    </Port>
    <System Ref="system_320"/>
  </Block>
  <Block BlockType="SubSystem" Name="Omegas to v, w" SID="66">
    <P Name="Ports">[1, 1]</P>
    <P Name="Position">[1260, 67, 1330, 113]</P>
    <P Name="ZOrder">321</P>
    <P Name="ErrorFcn">Stateflow.Translate.translate</P>
    <P Name="PermitHierarchicalResolution">ExplicitOnly</P>
    <P Name="TreatAsAtomicUnit">on</P>
    <P Name="RequestExecContextInheritance">off</P>
    <P Name="SFBlockType">MATLAB Function</P>
    <P Name="ContentPreviewEnabled">on</P>
    <System Ref="system_66"/>
  </Block>
  <Block BlockType="Reference" Name="PID Controller" SID="45">
    <P Name="Ports">[1, 1]</P>
    <P Name="Position">[895, 167, 935, 203]</P>
    <P Name="ZOrder">9350</P>
    <P Name="LibraryVersion">1.465</P>
    <P Name="SourceBlock">simulink/Continuous/PID Controller</P>
    <P Name="SourceType">PID 1dof</P>
    <P Name="SourceProductBaseCode">SL</P>
    <InstanceData>
      <P Name="RTWMemSecFuncInitTerm">Inherit from model</P>
      <P Name="RTWMemSecFuncExecute">Inherit from model</P>
      <P Name="RTWMemSecDataConstants">Inherit from model</P>
      <P Name="RTWMemSecDataInternal">Inherit from model</P>
      <P Name="RTWMemSecDataParameters">Inherit from model</P>
      <P Name="ContentPreviewEnabled">on</P>
      <P Name="Controller">PID</P>
      <P Name="Form">Parallel</P>
      <P Name="TimeDomain">Continuous-time</P>
      <P Name="UseExternalTs">off</P>
      <P Name="SampleTime">-1</P>
      <P Name="IntegratorMethod">Forward Euler</P>
      <P Name="FilterMethod">Forward Euler</P>
      <P Name="ControllerParametersSource">internal</P>
      <P Name="P">10</P>
      <P Name="I">10</P>
      <P Name="D">1</P>
      <P Name="UseFilter">on</P>
      <P Name="N">100</P>
      <P Name="TunerSelectOption">Transfer Function Based (PID Tuner App)</P>
      <P Name="ZeroCross">on</P>
      <P Name="InitialConditionSource">internal</P>
      <P Name="InitialConditionForIntegrator">0</P>
      <P Name="InitialConditionForFilter">0</P>
      <P Name="DifferentiatorICPrevScaledInput">0</P>
      <P Name="ExternalReset">none</P>
      <P Name="IgnoreLimit">off</P>
      <P Name="TrackingMode">off</P>
      <P Name="Kt">1</P>
      <P Name="LimitOutput">off</P>
      <P Name="UpperSaturationLimit">inf</P>
      <P Name="LowerSaturationLimit">-inf</P>
      <P Name="LinearizeAsGain">on</P>
      <P Name="AntiWindupMode">none</P>
      <P Name="Kb">1</P>
      <P Name="RndMeth">Floor</P>
      <P Name="SaturateOnIntegerOverflow">off</P>
      <P Name="LockScale">off</P>
      <P Name="PGainOutDataTypeStr">Inherit: Inherit via internal rule</P>
      <P Name="PProdOutDataTypeStr">Inherit: Inherit via internal rule</P>
      <P Name="POutMin">[]</P>
      <P Name="POutMax">[]</P>
      <P Name="IGainOutDataTypeStr">Inherit: Inherit via internal rule</P>
      <P Name="IProdOutDataTypeStr">Inherit: Inherit via internal rule</P>
      <P Name="IOutMin">[]</P>
      <P Name="IOutMax">[]</P>
      <P Name="DGainOutDataTypeStr">Inherit: Inherit via internal rule</P>
      <P Name="DProdOutDataTypeStr">Inherit: Inherit via internal rule</P>
      <P Name="DOutMin">[]</P>
      <P Name="DOutMax">[]</P>
      <P Name="NGainOutDataTypeStr">Inherit: Inherit via internal rule</P>
      <P Name="NProdOutDataTypeStr">Inherit: Inherit via internal rule</P>
      <P Name="NOutMin">[]</P>
      <P Name="NOutMax">[]</P>
      <P Name="SumOutDataTypeStr">Inherit: Inherit via internal rule</P>
      <P Name="SumOutMin">[]</P>
      <P Name="SumOutMax">[]</P>
      <P Name="SaturationOutDataTypeStr">Inherit: Same as input</P>
      <P Name="SaturationOutMin">[]</P>
      <P Name="SaturationOutMax">[]</P>
      <P Name="PParamDataTypeStr">Inherit: Inherit via internal rule</P>
      <P Name="PParamMin">[]</P>
      <P Name="PParamMax">[]</P>
      <P Name="IParamDataTypeStr">Inherit: Inherit via internal rule</P>
      <P Name="IParamMin">[]</P>
      <P Name="IParamMax">[]</P>
      <P Name="DParamDataTypeStr">Inherit: Inherit via internal rule</P>
      <P Name="DParamMin">[]</P>
      <P Name="DParamMax">[]</P>
      <P Name="NParamDataTypeStr">Inherit: Inherit via internal rule</P>
      <P Name="NParamMin">[]</P>
      <P Name="NParamMax">[]</P>
      <P Name="KbParamDataTypeStr">Inherit: Inherit via internal rule</P>
      <P Name="KbParamMin">[]</P>
      <P Name="KbParamMax">[]</P>
      <P Name="KtParamDataTypeStr">Inherit: Inherit via internal rule</P>
      <P Name="KtParamMin">[]</P>
      <P Name="KtParamMax">[]</P>
      <P Name="KbOutDataTypeStr">Inherit: Inherit via internal rule</P>
      <P Name="KbOutMin">[]</P>
      <P Name="KbOutMax">[]</P>
      <P Name="KtOutDataTypeStr">Inherit: Inherit via internal rule</P>
      <P Name="KtOutMin">[]</P>
      <P Name="KtOutMax">[]</P>
      <P Name="IntegratorOutDataTypeStr">Inherit: Inherit via internal rule</P>
      <P Name="IntegratorOutMin">[]</P>
      <P Name="IntegratorOutMax">[]</P>
      <P Name="FilterOutDataTypeStr">Inherit: Inherit via internal rule</P>
      <P Name="FilterOutMin">[]</P>
      <P Name="FilterOutMax">[]</P>
      <P Name="SumI1OutDataTypeStr">Inherit: Inherit via internal rule</P>
      <P Name="SumI1OutMin">[]</P>
      <P Name="SumI1OutMax">[]</P>
      <P Name="SumI2OutDataTypeStr">Inherit: Inherit via internal rule</P>
      <P Name="SumI2OutMin">[]</P>
      <P Name="SumI2OutMax">[]</P>
      <P Name="SumI3OutDataTypeStr">Inherit: Inherit via internal rule</P>
      <P Name="SumI3OutMin">[]</P>
      <P Name="SumI3OutMax">[]</P>
      <P Name="SumI4OutDataTypeStr">Inherit: Inherit via internal rule</P>
      <P Name="SumI4OutMin">[]</P>
      <P Name="SumI4OutMax">[]</P>
      <P Name="SumDOutDataTypeStr">Inherit: Inherit via internal rule</P>
      <P Name="SumDOutMin">[]</P>
      <P Name="SumDOutMax">[]</P>
      <P Name="SumAccumDataTypeStr">Inherit: Inherit via internal rule</P>
      <P Name="SumI1AccumDataTypeStr">Inherit: Inherit via internal rule</P>
      <P Name="SumI2AccumDataTypeStr">Inherit: Inherit via internal rule</P>
      <P Name="SumI3AccumDataTypeStr">Inherit: Inherit via internal rule</P>
      <P Name="SumI4AccumDataTypeStr">Inherit: Inherit via internal rule</P>
      <P Name="SumDAccumDataTypeStr">Inherit: Inherit via internal rule</P>
      <P Name="DifferentiatorOutDataTypeStr">Inherit: Inherit via internal rule</P>
      <P Name="DifferentiatorOutMin">[]</P>
      <P Name="DifferentiatorOutMax">[]</P>
      <P Name="FilterDiffNumProductOutputDataTypeStr">Inherit: Inherit via internal rule</P>
      <P Name="FilterDiffDenProductOutputDataTypeStr">Inherit: Inherit via internal rule</P>
      <P Name="FilterDiffNumAccumDataTypeStr">Inherit: Inherit via internal rule</P>
      <P Name="FilterDiffDenAccumDataTypeStr">Inherit: Inherit via internal rule</P>
      <P Name="FilterDiffOutCoefDataTypeStr">Inherit: Inherit via internal rule</P>
      <P Name="FilterDiffOutCoefMin">[]</P>
      <P Name="FilterDiffOutCoefMax">[]</P>
      <P Name="ReciprocalOutDataTypeStr">Inherit: Inherit via internal rule</P>
      <P Name="ReciprocalOutMin">[]</P>
      <P Name="ReciprocalOutMax">[]</P>
      <P Name="SumDenOutDataTypeStr">Inherit: Inherit via internal rule</P>
      <P Name="SumDenOutMin">[]</P>
      <P Name="SumDenOutMax">[]</P>
      <P Name="SumNumOutDataTypeStr">Inherit: Inherit via internal rule</P>
      <P Name="SumNumOutMin">[]</P>
      <P Name="SumNumOutMax">[]</P>
      <P Name="SumDenAccumDataTypeStr">Inherit: Inherit via internal rule</P>
      <P Name="SumNumAccumDataTypeStr">Inherit: Inherit via internal rule</P>
      <P Name="DivideOutDataTypeStr">Inherit: Inherit via internal rule</P>
      <P Name="DivideOutMin">[]</P>
      <P Name="DivideOutMax">[]</P>
      <P Name="UdiffTsProdOutDataTypeStr">Inherit: Inherit via internal rule</P>
      <P Name="UdiffTsProdOutMin">[]</P>
      <P Name="UdiffTsProdOutMax">[]</P>
      <P Name="NTsProdOutDataTypeStr">Inherit: Inherit via internal rule</P>
      <P Name="NTsProdOutMin">[]</P>
      <P Name="NTsProdOutMax">[]</P>
      <P Name="UintegralTsProdOutDataTypeStr">Inherit: Inherit via internal rule</P>
      <P Name="UintegralTsProdOutMin">[]</P>
      <P Name="UintegralTsProdOutMax">[]</P>
      <P Name="UngainTsProdOutDataTypeStr">Inherit: Inherit via internal rule</P>
      <P Name="UngainTsProdOutMin">[]</P>
      <P Name="UngainTsProdOutMax">[]</P>
      <P Name="IntegratorContinuousStateAttributes">&apos;&apos;</P>
      <P Name="IntegratorStateMustResolveToSignalObject">off</P>
      <P Name="IntegratorRTWStateStorageClass">Auto</P>
      <P Name="FilterContinuousStateAttributes">&apos;&apos;</P>
      <P Name="FilterStateMustResolveToSignalObject">off</P>
      <P Name="FilterRTWStateStorageClass">Auto</P>
      <P Name="ParallelPVariant">InternalParameters</P>
      <P Name="IdealPVariant">Disabled</P>
      <P Name="IVariant">InternalParameters</P>
      <P Name="DVariant">InternalParameters</P>
      <P Name="IntegratorVariant">Continuous</P>
      <P Name="SatVariant">Disabled</P>
      <P Name="AWVariant">Passthrough</P>
      <P Name="PCopyVariant">Disabled</P>
      <P Name="TRVariant">Disabled</P>
      <P Name="FdbkBlocksVariant">Forward</P>
      <P Name="IdealPFdbkVariant">Disabled</P>
      <P Name="SatFdbkVariant">Disabled</P>
      <P Name="DerivativeFilterVariant">ContFilter</P>
      <P Name="NVariant">InternalParameters</P>
      <P Name="NCopyVariant">Disabled</P>
      <P Name="FilterICVariant">InternalICsFilter</P>
      <P Name="IntegratorICVariant">InternalICs</P>
      <P Name="ExternalResetVariant">Disabled</P>
      <P Name="TRSumVariant">Passthrough</P>
      <P Name="SumFdbkVariant">Disabled</P>
      <P Name="SumVariant">Sum_PID</P>
      <P Name="TsampFilterVariant">InternalTs</P>
      <P Name="TsampNgainVariant">Passthrough</P>
      <P Name="TsampIntegralVariant">Passthrough</P>
      <P Name="InitialConditionSetting">Auto</P>
    </InstanceData>
  </Block>
  <Block BlockType="SubSystem" Name="Positions" SID="64">
    <P Name="Ports">[2, 1]</P>
    <P Name="Position">[1655, 79, 1725, 126]</P>
    <P Name="ZOrder">319</P>
    <P Name="ErrorFcn">Stateflow.Translate.translate</P>
    <P Name="PermitHierarchicalResolution">ExplicitOnly</P>
    <P Name="TreatAsAtomicUnit">on</P>
    <P Name="RequestExecContextInheritance">off</P>
    <P Name="SFBlockType">MATLAB Function</P>
    <P Name="ContentPreviewEnabled">on</P>
    <System Ref="system_64"/>
  </Block>
  <Block BlockType="Reshape" Name="Reshape" SID="221">
    <P Name="Ports">[1, 1]</P>
    <P Name="Position">[-5, 203, 25, 227]</P>
    <P Name="ZOrder">8995</P>
    <P Name="OutputDimensionality">Column vector (2-D)</P>
  </Block>
  <Block BlockType="Scope" Name="Scope" SID="388">
    <P Name="Ports">[1]</P>
    <P Name="Position">[885, 279, 915, 311]</P>
    <P Name="ZOrder">9411</P>
    <P Name="ScopeSpecificationString">Simulink.scopes.TimeScopeBlockCfg(&apos;CurrentConfiguration&apos;, extmgr.ConfigurationSet(extmgr.Configuration(&apos;Core&apos;,&apos;General UI&apos;,true),extmgr.Configuration(&apos;Core&apos;,&apos;Source UI&apos;,true),extmgr.Configuration(&apos;Sources&apos;,&apos;WiredSimulink&apos;,true),extmgr.Configuration(&apos;Visuals&apos;,&apos;Time Domain&apos;,true,&apos;SerializedDisplays&apos;,{struct(&apos;MinYLimReal&apos;,&apos;-6.66405&apos;,&apos;MaxYLimReal&apos;,&apos;6.6539&apos;,&apos;YLabelReal&apos;,&apos;&apos;,&apos;MinYLimMag&apos;,&apos;0.00000&apos;,&apos;MaxYLimMag&apos;,&apos;6.66405&apos;,&apos;LegendVisibility&apos;,&apos;off&apos;,&apos;XGrid&apos;,true,&apos;YGrid&apos;,true,&apos;PlotMagPhase&apos;,false,&apos;AxesColor&apos;,[0 0 0],&apos;AxesTickColor&apos;,[0.686274509803922 0.686274509803922 0.686274509803922],&apos;ColorOrder&apos;,[1 1 0.0666666666666667;0.0745098039215686 0.623529411764706 1;1 0.411764705882353 0.16078431372549;0.392156862745098 0.831372549019608 0.0745098039215686;0.717647058823529 0.274509803921569 1;0.0588235294117647 1 1;1 0.0745098039215686 0.650980392156863],&apos;Title&apos;,&apos;%&lt;SignalLabel&gt;&apos;,&apos;LinePropertiesCache&apos;,{{}},&apos;UserDefinedChannelNames&apos;,{{}},&apos;NumLines&apos;,0,&apos;LineNames&apos;,{{[]}},&apos;ShowContent&apos;,true,&apos;Placement&apos;,1)},&apos;DisplayPropertyDefaults&apos;,struct(&apos;MinYLimReal&apos;,&apos;-6.66405&apos;,&apos;MaxYLimReal&apos;,&apos;6.6539&apos;,&apos;YLabelReal&apos;,&apos;&apos;,&apos;MinYLimMag&apos;,&apos;0.00000&apos;,&apos;MaxYLimMag&apos;,&apos;6.66405&apos;,&apos;LegendVisibility&apos;,&apos;off&apos;,&apos;XGrid&apos;,true,&apos;YGrid&apos;,true,&apos;PlotMagPhase&apos;,false,&apos;AxesColor&apos;,[0 0 0],&apos;AxesTickColor&apos;,[0.686274509803922 0.686274509803922 0.686274509803922],&apos;ColorOrder&apos;,[0.0745098039215686 0.623529411764706 1;1 0.411764705882353 0.16078431372549;1 1 0.0666666666666667;0.717647058823529 0.274509803921569 1;0.392156862745098 0.831372549019608 0.0745098039215686;0.0588235294117647 1 1;1 0.0745098039215686 0.650980392156863])),extmgr.Configuration(&apos;Tools&apos;,&apos;Plot Navigation&apos;,true),extmgr.Configuration(&apos;Tools&apos;,&apos;Measurements&apos;,true,&apos;Version&apos;,&apos;2020a&apos;)),&apos;Version&apos;,&apos;2020a&apos;,&apos;Position&apos;,[329 267 550 418])</P>
    <P Name="NumInputPorts">1</P>
    <P Name="Floating">off</P>
  </Block>
  <Block BlockType="SubSystem" Name="Speeds to wL &amp; wR" SID="43">
    <P Name="Ports">[1, 1]</P>
    <P Name="Position">[680, 162, 750, 208]</P>
    <P Name="ZOrder">276</P>
    <P Name="ErrorFcn">Stateflow.Translate.translate</P>
    <P Name="PermitHierarchicalResolution">ExplicitOnly</P>
    <P Name="TreatAsAtomicUnit">on</P>
    <P Name="RequestExecContextInheritance">off</P>
    <P Name="SFBlockType">MATLAB Function</P>
    <P Name="ContentPreviewEnabled">on</P>
    <Port>
      <P Name="PortNumber">1</P>
      <P Name="PropagatedSignals">y</P>
    </Port>
    <System Ref="system_43"/>
  </Block>
  <Block BlockType="StateSpace" Name="State-Space" SID="219">
    <P Name="Ports">[1, 1]</P>
    <P Name="Position">[1100, 73, 1160, 107]</P>
    <P Name="ZOrder">8993</P>
    <P Name="A">[0, 0, 0, 0; 0, 0, 0, 0; 0, 0, -0.0100, 0; 0, 0, 0, -0.0100]</P>
    <P Name="B">[1.7699, 1.7699, 0, 0; 0.725, -0.725, 0, 0; -0.2100, 0, 10, 0; 0, -0.2100, 0, 10.0000]
</P>
    <P Name="C">[0, 0, 1, 0; 0, 0, 0, 1]</P>
    <P Name="D">[0, 0, 0, 0; 0, 0, 0, 0]</P>
    <P Name="InitialCondition">0</P>
  </Block>
  <Block BlockType="SubSystem" Name="Subsystem" SID="267">
    <P Name="Ports">[0, 2]</P>
    <P Name="Position">[295, 233, 355, 317]</P>
    <P Name="ZOrder">9032</P>
    <P Name="RequestExecContextInheritance">off</P>
    <P Name="ContentPreviewEnabled">on</P>
    <Port>
      <P Name="PortNumber">1</P>
    </Port>
    <Port>
      <P Name="PortNumber">2</P>
      <P Name="PropagatedSignals">y</P>
    </Port>
    <System Ref="system_267"/>
  </Block>
  <Block BlockType="Sum" Name="Sum" SID="222">
    <P Name="Ports">[2, 1]</P>
    <P Name="Position">[75, 205, 95, 225]</P>
    <P Name="ZOrder">8996</P>
    <P Name="ShowName">off</P>
    <P Name="Inputs">|+-</P>
  </Block>
  <Block BlockType="Sum" Name="Sum1" SID="9">
    <P Name="Ports">[2, 1]</P>
    <P Name="Position">[590, 175, 610, 195]</P>
    <P Name="ZOrder">9</P>
    <P Name="ShowName">off</P>
    <P Name="Inputs">+-</P>
    <Port>
      <P Name="PortNumber">1</P>
    </Port>
  </Block>
  <Block BlockType="Sum" Name="Sum2" SID="291">
    <P Name="Ports">[2, 1]</P>
    <P Name="Position">[810, 175, 830, 195]</P>
    <P Name="ZOrder">9353</P>
    <P Name="ShowName">off</P>
    <P Name="Inputs">|+-</P>
  </Block>
  <Block BlockType="SubSystem" Name="Theta_dot" SID="59">
    <P Name="Ports">[1, 1]</P>
    <P Name="Position">[1365, 127, 1435, 173]</P>
    <P Name="ZOrder">314</P>
    <P Name="ErrorFcn">Stateflow.Translate.translate</P>
    <P Name="PermitHierarchicalResolution">ExplicitOnly</P>
    <P Name="TreatAsAtomicUnit">on</P>
    <P Name="RequestExecContextInheritance">off</P>
    <P Name="SFBlockType">MATLAB Function</P>
    <P Name="ContentPreviewEnabled">on</P>
    <System Ref="system_59"/>
  </Block>
  <Block BlockType="SubSystem" Name="Transf. to Robot Coordinates" SID="6">
    <P Name="Ports">[1, 1]</P>
    <P Name="Position">[165, 192, 235, 238]</P>
    <P Name="ZOrder">6</P>
    <P Name="ErrorFcn">Stateflow.Translate.translate</P>
    <P Name="PermitHierarchicalResolution">ExplicitOnly</P>
    <P Name="TreatAsAtomicUnit">on</P>
    <P Name="RequestExecContextInheritance">off</P>
    <P Name="SFBlockType">MATLAB Function</P>
    <P Name="ContentPreviewEnabled">on</P>
    <System Ref="system_6"/>
  </Block>
  <Block BlockType="Concatenate" Name="Vector&#xA;Concatenate" SID="61">
    <P Name="Ports">[3, 1]</P>
    <P Name="Position">[-30, 176, -25, 254]</P>
    <P Name="ZOrder">316</P>
    <P Name="NumInputs">3</P>
  </Block>
  <Block BlockType="Concatenate" Name="Vector&#xA;Concatenate1" SID="62">
    <P Name="Ports">[2, 1]</P>
    <P Name="Position">[910, -4, 915, 34]</P>
    <P Name="ZOrder">317</P>
    <P Name="ForegroundColor">magenta</P>
  </Block>
  <Block BlockType="Concatenate" Name="Vector&#xA;Concatenate2" SID="63">
    <P Name="Ports">[2, 1]</P>
    <P Name="Position">[1050, 71, 1055, 109]</P>
    <P Name="ZOrder">318</P>
  </Block>
  <Block BlockType="Concatenate" Name="Vector&#xA;Concatenate3" SID="71">
    <P Name="Ports">[2, 1]</P>
    <P Name="Position">[1845, 171, 1850, 209]</P>
    <P Name="ZOrder">326</P>
  </Block>
  <Block BlockType="Reference" Name="XY Graph" SID="391">
    <P Name="Ports">[2]</P>
    <P Name="Position">[1890, 85, 1920, 125]</P>
    <P Name="ZOrder">9415</P>
    <P Name="ForegroundColor">gray</P>
    <P Name="LibraryVersion">1.465</P>
    <P Name="SourceBlock">simulink/Sinks/XY Graph</P>
    <P Name="SourceType">XY scope.</P>
    <P Name="SourceProductBaseCode">SL</P>
    <InstanceData>
      <P Name="RTWMemSecFuncInitTerm">Inherit from model</P>
      <P Name="RTWMemSecFuncExecute">Inherit from model</P>
      <P Name="RTWMemSecDataConstants">Inherit from model</P>
      <P Name="RTWMemSecDataInternal">Inherit from model</P>
      <P Name="RTWMemSecDataParameters">Inherit from model</P>
      <P Name="ContentPreviewEnabled">on</P>
      <P Name="xmin">-1</P>
      <P Name="xmax">1</P>
      <P Name="ymin">-1</P>
      <P Name="ymax">1</P>
      <P Name="st">-1</P>
    </InstanceData>
  </Block>
  <Block BlockType="SubSystem" Name="wrap2pi" SID="316">
    <P Name="Ports">[1, 1]</P>
    <P Name="Position">[1535, 127, 1605, 173]</P>
    <P Name="ZOrder">9412</P>
    <P Name="ErrorFcn">Stateflow.Translate.translate</P>
    <P Name="PermitHierarchicalResolution">ExplicitOnly</P>
    <P Name="TreatAsAtomicUnit">on</P>
    <P Name="RequestExecContextInheritance">off</P>
    <P Name="SFBlockType">MATLAB Function</P>
    <P Name="ContentPreviewEnabled">on</P>
    <Port>
      <P Name="PortNumber">1</P>
      <P Name="PropagatedSignals">y</P>
    </Port>
    <System Ref="system_316"/>
  </Block>
  <Block BlockType="Sin" Name="x_dot" SID="272">
    <P Name="Ports">[0, 1]</P>
    <P Name="Position">[-430, 335, -400, 365]</P>
    <P Name="ZOrder">9037</P>
    <P Name="Amplitude">0.3^2</P>
    <P Name="Frequency">0.3</P>
    <P Name="Phase">pi/2</P>
    <P Name="SampleTime">0</P>
  </Block>
  <Block BlockType="Sin" Name="x_ref" SID="250">
    <P Name="Ports">[0, 1]</P>
    <P Name="Position">[-435, 140, -405, 170]</P>
    <P Name="ZOrder">9016</P>
    <P Name="Amplitude">0.3</P>
    <P Name="Frequency">0.3</P>
    <P Name="SampleTime">0</P>
    <Port>
      <P Name="PortNumber">1</P>
    </Port>
  </Block>
  <Block BlockType="Sin" Name="y_dot" SID="274">
    <P Name="Ports">[0, 1]</P>
    <P Name="Position">[-430, 285, -400, 315]</P>
    <P Name="ZOrder">9035</P>
    <P Name="Amplitude">-0.3^2</P>
    <P Name="Frequency">0.3</P>
    <P Name="SampleTime">0</P>
  </Block>
  <Block BlockType="Sin" Name="y_ref" SID="253">
    <P Name="Ports">[0, 1]</P>
    <P Name="Position">[-425, 200, -395, 230]</P>
    <P Name="ZOrder">9017</P>
    <P Name="Amplitude">0.3</P>
    <P Name="Bias">-0.3</P>
    <P Name="Frequency">0.3</P>
    <P Name="Phase">pi/2</P>
    <P Name="SampleTime">0</P>
    <Port>
      <P Name="PortNumber">1</P>
    </Port>
  </Block>
  <Line>
    <P Name="ZOrder">361</P>
    <P Name="Src">250#out:1</P>
    <P Name="Points">[77, 0; 0, 35]</P>
    <P Name="Dst">61#in:1</P>
  </Line>
  <Line>
    <P Name="ZOrder">362</P>
    <P Name="Src">253#out:1</P>
    <P Name="Dst">61#in:2</P>
  </Line>
  <Line>
    <P Name="ZOrder">9</P>
    <P Name="Src">6#out:1</P>
    <P Name="Points">[203, 0]</P>
    <Branch>
      <P Name="ZOrder">577</P>
      <P Name="Dst">320#in:1</P>
    </Branch>
    <Branch>
      <P Name="ZOrder">576</P>
      <P Name="Points">[0, -160]</P>
      <P Name="Dst">10#in:1</P>
    </Branch>
  </Line>
  <Line>
    <P Name="ZOrder">393</P>
    <P Name="Src">267#out:1</P>
    <P Name="Points">[38, 0]</P>
    <Branch>
      <P Name="ZOrder">572</P>
      <P Name="Dst">320#in:2</P>
    </Branch>
    <Branch>
      <P Name="ZOrder">571</P>
      <P Name="Points">[0, -160]</P>
      <P Name="Dst">10#in:3</P>
    </Branch>
  </Line>
  <Line>
    <P Name="ZOrder">111</P>
    <P Name="Src">9#out:1</P>
    <P Name="Dst">43#in:1</P>
  </Line>
  <Line>
    <P Name="ZOrder">331</P>
    <P Name="Src">219#out:1</P>
    <P Name="Points">[42, 0]</P>
    <Branch>
      <P Name="ZOrder">466</P>
      <P Name="Points">[0, 151; -387, 0]</P>
      <P Name="Dst">291#in:2</P>
    </Branch>
    <Branch>
      <P Name="ZOrder">465</P>
      <P Name="Dst">66#in:1</P>
    </Branch>
  </Line>
  <Line>
    <P Name="ZOrder">477</P>
    <P Name="Src">299#out:1</P>
    <P Name="Points">[25, 0; 0, 15]</P>
    <P Name="Dst">62#in:1</P>
  </Line>
  <Line>
    <P Name="ZOrder">478</P>
    <P Name="Src">300#out:1</P>
    <P Name="Points">[25, 0; 0, -15]</P>
    <P Name="Dst">62#in:2</P>
  </Line>
  <Line>
    <P Name="ZOrder">330</P>
    <P Name="Src">63#out:1</P>
    <P Name="Dst">219#in:1</P>
  </Line>
  <Line>
    <P Name="ZOrder">150</P>
    <P Name="Src">62#out:1</P>
    <P Name="Points">[60, 0; 0, 65]</P>
    <P Name="Dst">63#in:1</P>
  </Line>
  <Line>
    <P Name="ZOrder">342</P>
    <P Name="Src">64#out:1</P>
    <P Name="Dst">229#in:1</P>
  </Line>
  <Line>
    <P Name="ZOrder">161</P>
    <P Name="Src">66#out:1</P>
    <P Name="Points">[9, 0]</P>
    <Branch>
      <P Name="ZOrder">567</P>
      <P Name="Dst">64#in:1</P>
    </Branch>
    <Branch>
      <P Name="ZOrder">162</P>
      <P Name="Points">[0, 60]</P>
      <P Name="Dst">59#in:1</P>
    </Branch>
  </Line>
  <Line>
    <P Name="ZOrder">341</P>
    <P Name="Src">59#out:1</P>
    <P Name="Dst">228#in:1</P>
  </Line>
  <Line>
    <P Name="ZOrder">343</P>
    <P Name="Src">229#out:1</P>
    <P Name="Points">[15, 0]</P>
    <Branch>
      <P Name="ZOrder">713</P>
      <P Name="Points">[0, 75]</P>
      <P Name="Dst">71#in:1</P>
    </Branch>
    <Branch>
      <P Name="ZOrder">674</P>
      <P Name="Dst">396#in:1</P>
    </Branch>
  </Line>
  <Line>
    <P Name="ZOrder">169</P>
    <P Name="Src">71#out:1</P>
    <P Name="Points">[40, 0; 0, 187; -1810, 0]</P>
    <P Name="Dst">222#in:2</P>
  </Line>
  <Line>
    <P Name="ZOrder">493</P>
    <P Name="Src">267#out:2</P>
    <P Name="Points">[24, 0]</P>
    <Branch>
      <P Name="ZOrder">574</P>
      <P Name="Dst">320#in:3</P>
    </Branch>
    <Branch>
      <P Name="ZOrder">573</P>
      <P Name="Points">[0, -220]</P>
      <P Name="Dst">10#in:2</P>
    </Branch>
  </Line>
  <Line>
    <P Name="ZOrder">334</P>
    <P Name="Src">61#out:1</P>
    <P Name="Dst">221#in:1</P>
  </Line>
  <Line>
    <P Name="ZOrder">335</P>
    <P Name="Src">221#out:1</P>
    <P Name="Dst">222#in:1</P>
  </Line>
  <Line>
    <P Name="ZOrder">337</P>
    <P Name="Src">222#out:1</P>
    <P Name="Dst">6#in:1</P>
  </Line>
  <Line>
    <P Name="ZOrder">339</P>
    <P Name="Src">10#out:1</P>
    <P Name="Points">[35, 0]</P>
    <P Name="Dst">9#in:1</P>
  </Line>
  <Line>
    <P Name="ZOrder">412</P>
    <P Name="Src">274#out:1</P>
    <P Name="Points">[25, 0; 0, 15]</P>
    <P Name="Dst">247#in:1</P>
  </Line>
  <Line>
    <P Name="ZOrder">413</P>
    <P Name="Src">272#out:1</P>
    <P Name="Points">[25, 0; 0, -20]</P>
    <P Name="Dst">247#in:2</P>
  </Line>
  <Line>
    <P Name="ZOrder">463</P>
    <P Name="Src">43#out:1</P>
    <P Name="Points">[31, 0]</P>
    <Branch>
      <P Name="ZOrder">642</P>
      <P Name="Points">[0, 110]</P>
      <P Name="Dst">388#in:1</P>
    </Branch>
    <Branch>
      <P Name="ZOrder">641</P>
      <P Name="Dst">291#in:1</P>
    </Branch>
  </Line>
  <Line>
    <P Name="ZOrder">464</P>
    <P Name="Src">291#out:1</P>
    <P Name="Dst">45#in:1</P>
  </Line>
  <Line>
    <P Name="ZOrder">476</P>
    <P Name="Src">45#out:1</P>
    <P Name="Points">[39, 0; 0, -85]</P>
    <P Name="Dst">63#in:2</P>
  </Line>
  <Line>
    <P Name="ZOrder">570</P>
    <P Name="Src">320#out:1</P>
    <P Name="Points">[25, 0]</P>
    <Branch>
      <P Name="ZOrder">575</P>
      <P Name="Points">[0, 10; 43, 0; 0, 35]</P>
      <P Name="Dst">304#in:1</P>
    </Branch>
    <Branch>
      <P Name="ZOrder">557</P>
      <P Name="Dst">9#in:2</P>
    </Branch>
  </Line>
  <Line>
    <P Name="ZOrder">667</P>
    <P Name="Src">396#out:1</P>
    <P Name="Dst">391#in:1</P>
  </Line>
  <Line>
    <P Name="ZOrder">669</P>
    <P Name="Src">396#out:2</P>
    <P Name="Dst">391#in:2</P>
  </Line>
  <Line>
    <P Name="ZOrder">670</P>
    <P Name="Src">228#out:1</P>
    <P Name="Dst">316#in:1</P>
  </Line>
  <Line>
    <P Name="ZOrder">671</P>
    <P Name="Src">316#out:1</P>
    <P Name="Points">[28, 0]</P>
    <Branch>
      <P Name="ZOrder">711</P>
      <P Name="Points">[0, -35]</P>
      <P Name="Dst">64#in:2</P>
    </Branch>
    <Branch>
      <P Name="ZOrder">704</P>
      <P Name="Points">[0, 50]</P>
      <P Name="Dst">71#in:2</P>
    </Branch>
  </Line>
  <Line>
    <P Name="ZOrder">723</P>
    <P Name="Src">248#out:1</P>
    <P Name="Points">[70, 0; 0, -85]</P>
    <P Name="Dst">61#in:3</P>
  </Line>
  <Line>
    <P Name="ZOrder">729</P>
    <P Name="Src">247#out:1</P>
    <P Name="Dst">248#in:1</P>
  </Line>
  <Annotation SID="399">
    <P Name="Name">Plant</P>
    <P Name="Position">[1233, 12, 1818, 228]</P>
    <P Name="InternalMargins">[0, 0, 0, 0]</P>
    <P Name="FixedHeight">on</P>
    <P Name="FixedWidth">on</P>
    <P Name="ForegroundColor">[0.901961, 0.901961, 1.000000]</P>
    <P Name="BackgroundColor">[0.901961, 0.901961, 1.000000]</P>
    <P Name="DropShadow">on</P>
    <P Name="AnnotationType">area_annotation</P>
    <P Name="ZOrder">1108</P>
    <P Name="FontSize">12</P>
  </Annotation>
  <Annotation SID="50">
    <P Name="Name">Friction Forces</P>
    <P Name="Position">[795, -46, 944, 81]</P>
    <P Name="InternalMargins">[0, 0, 0, 0]</P>
    <P Name="FixedHeight">on</P>
    <P Name="FixedWidth">on</P>
    <P Name="ForegroundColor">[0.901961, 0.901961, 1.000000]</P>
    <P Name="BackgroundColor">[0.901961, 0.901961, 1.000000]</P>
    <P Name="DropShadow">on</P>
    <P Name="AnnotationType">area_annotation</P>
    <P Name="ZOrder">1107</P>
    <P Name="FontSize">12</P>
  </Annotation>
</System>
