<?xml version="1.0" encoding="utf-8"?>
<System>
  <P Name="Location">[-8, -8, 1374, 736]</P>
  <P Name="SetExecutionDomain">off</P>
  <P Name="ExecutionDomainType">Deduce</P>
  <P Name="SimulinkSubDomain">Simulink</P>
  <Block BlockType="Inport" Name="w_ref" SID="326">
    <P Name="Position">[15, 258, 45, 272]</P>
    <P Name="ZOrder">8958</P>
  </Block>
  <Block BlockType="Inport" Name="v_ref" SID="327">
    <P Name="Position">[15, 453, 45, 467]</P>
    <P Name="ZOrder">8959</P>
    <P Name="Port">2</P>
    <P Name="VarSizeSig">No</P>
  </Block>
  <Block BlockType="Constant" Name="Constant3" SID="328">
    <P Name="Position">[125, 165, 155, 195]</P>
    <P Name="ZOrder">8944</P>
    <P Name="ForegroundColor">magenta</P>
  </Block>
  <Block BlockType="Constant" Name="Constant4" SID="329">
    <P Name="Position">[125, 250, 155, 280]</P>
    <P Name="ZOrder">8945</P>
    <P Name="ForegroundColor">magenta</P>
    <P Name="Value">0</P>
  </Block>
  <Block BlockType="Constant" Name="Constant5" SID="330">
    <P Name="Position">[125, 305, 155, 335]</P>
    <P Name="ZOrder">8949</P>
    <P Name="ForegroundColor">magenta</P>
  </Block>
  <Block BlockType="Constant" Name="Constant6" SID="331">
    <P Name="Position">[125, 345, 155, 375]</P>
    <P Name="ZOrder">8950</P>
    <P Name="ForegroundColor">magenta</P>
    <P Name="Value">0</P>
  </Block>
  <Block BlockType="Constant" Name="Constant7" SID="332">
    <P Name="Position">[125, 400, 155, 430]</P>
    <P Name="ZOrder">8955</P>
    <P Name="ForegroundColor">magenta</P>
  </Block>
  <Block BlockType="Constant" Name="Constant8" SID="333">
    <P Name="Position">[125, 485, 155, 515]</P>
    <P Name="ZOrder">8956</P>
    <P Name="ForegroundColor">magenta</P>
    <P Name="Value">0</P>
  </Block>
  <Block BlockType="Display" Name="Display" SID="334">
    <P Name="Ports">[1]</P>
    <P Name="Position">[465, 182, 700, 258]</P>
    <P Name="ZOrder">8961</P>
    <P Name="Decimation">1</P>
  </Block>
  <Block BlockType="Gain" Name="Gain" SID="335">
    <P Name="Position">[125, 210, 155, 240]</P>
    <P Name="ZOrder">8948</P>
    <P Name="Gain">-1</P>
  </Block>
  <Block BlockType="Concatenate" Name="Matrix&#xA;Concatenate" SID="336">
    <P Name="Ports">[3, 1]</P>
    <P Name="Position">[315, 299, 370, 341]</P>
    <P Name="ZOrder">8953</P>
    <P Name="NumInputs">3</P>
    <P Name="Mode">Multidimensional array</P>
    <P Name="ConcatenateDimension">2</P>
  </Block>
  <Block BlockType="Concatenate" Name="Vector&#xA;Concatenate4" SID="337">
    <P Name="Ports">[3, 1]</P>
    <P Name="Position">[215, 188, 220, 262]</P>
    <P Name="ZOrder">8946</P>
    <P Name="NumInputs">3</P>
  </Block>
  <Block BlockType="Concatenate" Name="Vector&#xA;Concatenate5" SID="338">
    <P Name="Ports">[3, 1]</P>
    <P Name="Position">[215, 283, 220, 357]</P>
    <P Name="ZOrder">8951</P>
    <P Name="NumInputs">3</P>
  </Block>
  <Block BlockType="Concatenate" Name="Vector&#xA;Concatenate6" SID="339">
    <P Name="Ports">[3, 1]</P>
    <P Name="Position">[215, 423, 220, 497]</P>
    <P Name="ZOrder">8957</P>
    <P Name="NumInputs">3</P>
  </Block>
  <Block BlockType="Outport" Name="A matrix" SID="340">
    <P Name="Position">[435, 313, 465, 327]</P>
    <P Name="ZOrder">8960</P>
    <P Name="VectorParamsAs1DForOutWhenUnconnected">off</P>
  </Block>
  <Line>
    <P Name="ZOrder">1</P>
    <P Name="Src">326#out:1</P>
    <P Name="Points">[32, 0]</P>
    <Branch>
      <P Name="ZOrder">2</P>
      <P Name="Points">[0, -40]</P>
      <P Name="Dst">335#in:1</P>
    </Branch>
    <Branch>
      <P Name="ZOrder">3</P>
      <P Name="Points">[0, 30]</P>
      <P Name="Dst">338#in:1</P>
    </Branch>
  </Line>
  <Line>
    <P Name="ZOrder">4</P>
    <P Name="Src">335#out:1</P>
    <P Name="Dst">337#in:2</P>
  </Line>
  <Line>
    <P Name="ZOrder">5</P>
    <P Name="Src">331#out:1</P>
    <P Name="Points">[20, 0; 0, -15]</P>
    <P Name="Dst">338#in:3</P>
  </Line>
  <Line>
    <P Name="ZOrder">6</P>
    <P Name="Src">339#out:1</P>
    <P Name="Points">[43, 0; 0, -125]</P>
    <P Name="Dst">336#in:3</P>
  </Line>
  <Line>
    <P Name="ZOrder">7</P>
    <P Name="Src">329#out:1</P>
    <P Name="Points">[20, 0; 0, -15]</P>
    <P Name="Dst">337#in:3</P>
  </Line>
  <Line>
    <P Name="ZOrder">8</P>
    <P Name="Src">327#out:1</P>
    <P Name="Dst">339#in:2</P>
  </Line>
  <Line>
    <P Name="ZOrder">9</P>
    <P Name="Src">332#out:1</P>
    <P Name="Points">[25, 0; 0, 20]</P>
    <P Name="Dst">339#in:1</P>
  </Line>
  <Line>
    <P Name="ZOrder">10</P>
    <P Name="Src">338#out:1</P>
    <P Name="Dst">336#in:2</P>
  </Line>
  <Line>
    <P Name="ZOrder">11</P>
    <P Name="Src">333#out:1</P>
    <P Name="Points">[20, 0; 0, -15]</P>
    <P Name="Dst">339#in:3</P>
  </Line>
  <Line>
    <P Name="ZOrder">12</P>
    <P Name="Src">328#out:1</P>
    <P Name="Points">[25, 0; 0, 20]</P>
    <P Name="Dst">337#in:1</P>
  </Line>
  <Line>
    <P Name="ZOrder">13</P>
    <P Name="Src">330#out:1</P>
    <P Name="Dst">338#in:2</P>
  </Line>
  <Line>
    <P Name="ZOrder">14</P>
    <P Name="Src">337#out:1</P>
    <P Name="Points">[43, 0; 0, 80]</P>
    <P Name="Dst">336#in:1</P>
  </Line>
  <Line>
    <P Name="ZOrder">15</P>
    <P Name="Src">336#out:1</P>
    <P Name="Points">[16, 0]</P>
    <Branch>
      <P Name="ZOrder">16</P>
      <P Name="Points">[0, -100]</P>
      <P Name="Dst">334#in:1</P>
    </Branch>
    <Branch>
      <P Name="ZOrder">17</P>
      <P Name="Dst">340#in:1</P>
    </Branch>
  </Line>
</System>
