<?xml version="1.0" encoding="utf-8"?>
<System>
  <P Name="Location">[-8, -8, 1374, 736]</P>
  <P Name="SetExecutionDomain">off</P>
  <P Name="ExecutionDomainType">Deduce</P>
  <P Name="SimulinkSubDomain">Simulink</P>
  <Block BlockType="Constant" Name="Constant" SID="342">
    <P Name="Position">[20, 125, 50, 155]</P>
    <P Name="ZOrder">8960</P>
    <P Name="ForegroundColor">magenta</P>
    <P Name="Value">[1; 0; 0]</P>
    <P Name="VectorParams1D">off</P>
  </Block>
  <Block BlockType="Constant" Name="Constant1" SID="343">
    <P Name="Position">[20, 185, 50, 215]</P>
    <P Name="ZOrder">8970</P>
    <P Name="ForegroundColor">magenta</P>
    <P Name="Value">[0; 0; 1]</P>
    <P Name="VectorParams1D">off</P>
  </Block>
  <Block BlockType="Concatenate" Name="Matrix&#xA;Concatenate" SID="344">
    <P Name="Ports">[2, 1]</P>
    <P Name="Position">[180, 144, 235, 186]</P>
    <P Name="ZOrder">8968</P>
    <P Name="ForegroundColor">magenta</P>
    <P Name="Mode">Multidimensional array</P>
    <P Name="ConcatenateDimension">2</P>
  </Block>
  <Block BlockType="Outport" Name="Out1" SID="345">
    <P Name="Position">[295, 158, 325, 172]</P>
    <P Name="ZOrder">8969</P>
    <P Name="ForegroundColor">magenta</P>
    <P Name="VectorParamsAs1DForOutWhenUnconnected">off</P>
  </Block>
  <Line>
    <P Name="ZOrder">1</P>
    <P Name="Src">342#out:1</P>
    <P Name="Points">[60, 0; 0, 15]</P>
    <P Name="Dst">344#in:1</P>
  </Line>
  <Line>
    <P Name="ZOrder">2</P>
    <P Name="Src">344#out:1</P>
    <P Name="Dst">345#in:1</P>
  </Line>
  <Line>
    <P Name="ZOrder">3</P>
    <P Name="Src">343#out:1</P>
    <P Name="Points">[60, 0; 0, -25]</P>
    <P Name="Dst">344#in:2</P>
  </Line>
</System>
