<?xml version="1.0" encoding="utf-8"?>
<System>
  <P Name="Location">[219, 337, 814, 775]</P>
  <P Name="SetExecutionDomain">off</P>
  <P Name="ExecutionDomainType">Deduce</P>
  <P Name="SIDHighWatermark">38</P>
  <P Name="SimulinkSubDomain">Simulink</P>
  <Block BlockType="Inport" Name="P" SID="353::21">
    <P Name="Position">[20, 101, 40, 119]</P>
    <P Name="ZOrder">7</P>
  </Block>
  <Block BlockType="Inport" Name="A" SID="353::22">
    <P Name="Position">[20, 136, 40, 154]</P>
    <P Name="ZOrder">8</P>
    <P Name="Port">2</P>
  </Block>
  <Block BlockType="Inport" Name="B" SID="353::23">
    <P Name="Position">[20, 171, 40, 189]</P>
    <P Name="ZOrder">9</P>
    <P Name="ForegroundColor">magenta</P>
    <P Name="Port">3</P>
  </Block>
  <Block BlockType="Inport" Name="R" SID="353::28">
    <P Name="Position">[20, 206, 40, 224]</P>
    <P Name="ZOrder">14</P>
    <P Name="ForegroundColor">magenta</P>
    <P Name="Port">4</P>
  </Block>
  <Block BlockType="Demux" Name=" Demux " SID="353::37">
    <P Name="Ports">[1, 1]</P>
    <P Name="Position">[270, 230, 320, 270]</P>
    <P Name="ZOrder">20</P>
    <P Name="Outputs">1</P>
  </Block>
  <Block BlockType="S-Function" Name=" SFunction " SID="353::36">
    <P Name="Tag">Stateflow S-Function 8</P>
    <P Name="Ports">[4, 2]</P>
    <P Name="Position">[180, 102, 230, 203]</P>
    <P Name="ZOrder">19</P>
    <P Name="FunctionName">sf_sfun</P>
    <P Name="PortCounts">[4 2]</P>
    <P Name="SFunctionDeploymentMode">off</P>
    <P Name="EnableBusSupport">on</P>
    <P Name="SFcnIsStateOwnerBlock">off</P>
    <Port>
      <P Name="PortNumber">2</P>
      <P Name="Name">dPdt</P>
    </Port>
  </Block>
  <Block BlockType="Terminator" Name=" Terminator " SID="353::38">
    <P Name="Position">[460, 241, 480, 259]</P>
    <P Name="ZOrder">21</P>
  </Block>
  <Block BlockType="Outport" Name="dPdt" SID="353::5">
    <P Name="Position">[460, 101, 480, 119]</P>
    <P Name="ZOrder">-5</P>
    <P Name="VectorParamsAs1DForOutWhenUnconnected">off</P>
  </Block>
  <Line>
    <P Name="ZOrder">30</P>
    <P Name="Src">353::21#out:1</P>
    <P Name="Dst">353::36#in:1</P>
  </Line>
  <Line>
    <P Name="ZOrder">31</P>
    <P Name="Src">353::22#out:1</P>
    <P Name="Dst">353::36#in:2</P>
  </Line>
  <Line>
    <P Name="ZOrder">32</P>
    <P Name="Src">353::23#out:1</P>
    <P Name="Dst">353::36#in:3</P>
  </Line>
  <Line>
    <P Name="ZOrder">33</P>
    <P Name="Src">353::28#out:1</P>
    <P Name="Dst">353::36#in:4</P>
  </Line>
  <Line>
    <P Name="Name">dPdt</P>
    <P Name="ZOrder">34</P>
    <P Name="Labels">[0, 0]</P>
    <P Name="Src">353::36#out:2</P>
    <P Name="Dst">353::5#in:1</P>
  </Line>
  <Line>
    <P Name="ZOrder">35</P>
    <P Name="Src">353::37#out:1</P>
    <P Name="Dst">353::38#in:1</P>
  </Line>
  <Line>
    <P Name="ZOrder">36</P>
    <P Name="Src">353::36#out:1</P>
    <P Name="Dst">353::37#in:1</P>
  </Line>
</System>
