<?xml version="1.0" encoding="utf-8"?>
<System>
  <P Name="Location">[-8, -8, 1374, 736]</P>
  <P Name="SetExecutionDomain">off</P>
  <P Name="ExecutionDomainType">Deduce</P>
  <P Name="ZoomFactor">125</P>
  <P Name="SimulinkSubDomain">Simulink</P>
  <Block BlockType="SubSystem" Name="Direction" SID="309">
    <P Name="Ports">[2, 1]</P>
    <P Name="Position">[490, -36, 560, 11]</P>
    <P Name="ZOrder">9371</P>
    <P Name="ErrorFcn">Stateflow.Translate.translate</P>
    <P Name="PermitHierarchicalResolution">ExplicitOnly</P>
    <P Name="TreatAsAtomicUnit">on</P>
    <P Name="RequestExecContextInheritance">off</P>
    <P Name="SFBlockType">MATLAB Function</P>
    <P Name="ContentPreviewEnabled">on</P>
    <System Ref="system_309"/>
  </Block>
  <Block BlockType="Product" Name="Divide1" SID="262">
    <P Name="Ports">[2, 1]</P>
    <P Name="Position">[355, 97, 385, 128]</P>
    <P Name="ZOrder">9027</P>
    <P Name="Inputs">*/</P>
  </Block>
  <Block BlockType="Product" Name="Multiply" SID="259">
    <P Name="Ports">[2, 1]</P>
    <P Name="Position">[130, 77, 160, 108]</P>
    <P Name="ZOrder">9024</P>
  </Block>
  <Block BlockType="Product" Name="Multiply1" SID="260">
    <P Name="Ports">[2, 1]</P>
    <P Name="Position">[130, 192, 160, 223]</P>
    <P Name="ZOrder">9025</P>
  </Block>
  <Block BlockType="Sqrt" Name="Sqrt" SID="266">
    <P Name="Position">[355, 50, 385, 80]</P>
    <P Name="ZOrder">9031</P>
  </Block>
  <Block BlockType="Math" Name="Square" SID="263">
    <P Name="Ports">[1, 1]</P>
    <P Name="Position">[230, 20, 260, 50]</P>
    <P Name="ZOrder">9028</P>
    <P Name="Operator">square</P>
    <P Name="SignedPower">on</P>
  </Block>
  <Block BlockType="Math" Name="Square1" SID="264">
    <P Name="Ports">[1, 1]</P>
    <P Name="Position">[230, 240, 260, 270]</P>
    <P Name="ZOrder">9029</P>
    <P Name="Operator">square</P>
    <P Name="SignedPower">on</P>
  </Block>
  <Block BlockType="Sum" Name="Sum4" SID="261">
    <P Name="Ports">[2, 1]</P>
    <P Name="Position">[210, 150, 230, 170]</P>
    <P Name="ZOrder">9026</P>
    <P Name="ShowName">off</P>
    <P Name="Inputs">+-</P>
  </Block>
  <Block BlockType="Sum" Name="Sum5" SID="265">
    <P Name="Ports">[2, 1]</P>
    <P Name="Position">[255, 110, 275, 130]</P>
    <P Name="ZOrder">9030</P>
    <P Name="ShowName">off</P>
  </Block>
  <Block BlockType="Sin" Name="x_dot" SID="257">
    <P Name="Ports">[0, 1]</P>
    <P Name="Position">[20, 50, 50, 80]</P>
    <P Name="ZOrder">9022</P>
    <P Name="Amplitude">0.3^2</P>
    <P Name="Frequency">0.3</P>
    <P Name="Phase">pi/2</P>
    <P Name="SampleTime">0</P>
  </Block>
  <Block BlockType="Sin" Name="x_dotdot" SID="256">
    <P Name="Ports">[0, 1]</P>
    <P Name="Position">[20, 165, 50, 195]</P>
    <P Name="ZOrder">9021</P>
    <P Name="Amplitude">-0.3^3</P>
    <P Name="Frequency">0.3</P>
    <P Name="SampleTime">0</P>
  </Block>
  <Block BlockType="Sin" Name="y_dot" SID="255">
    <P Name="Ports">[0, 1]</P>
    <P Name="Position">[20, 220, 50, 250]</P>
    <P Name="ZOrder">9020</P>
    <P Name="Amplitude">-0.3^2</P>
    <P Name="Frequency">0.3</P>
    <P Name="SampleTime">0</P>
  </Block>
  <Block BlockType="Sin" Name="y_dotdot" SID="258">
    <P Name="Ports">[0, 1]</P>
    <P Name="Position">[20, 105, 50, 135]</P>
    <P Name="ZOrder">9023</P>
    <P Name="Amplitude">-0.3^3</P>
    <P Name="Frequency">0.3</P>
    <P Name="Phase">pi/2</P>
    <P Name="SampleTime">0</P>
  </Block>
  <Block BlockType="Outport" Name="w_ref" SID="269">
    <P Name="Position">[405, 108, 435, 122]</P>
    <P Name="ZOrder">9033</P>
    <P Name="VectorParamsAs1DForOutWhenUnconnected">off</P>
  </Block>
  <Block BlockType="Outport" Name="v_ref" SID="268">
    <P Name="Position">[640, 58, 670, 72]</P>
    <P Name="ZOrder">9370</P>
    <P Name="Port">2</P>
    <P Name="VectorParamsAs1DForOutWhenUnconnected">off</P>
  </Block>
  <Line>
    <P Name="ZOrder">368</P>
    <P Name="Src">257#out:1</P>
    <P Name="Points">[21, 0]</P>
    <Branch>
      <P Name="ZOrder">375</P>
      <P Name="Points">[0, -30; 42, 0]</P>
      <Branch>
        <P Name="ZOrder">398</P>
        <P Name="Points">[0, -60]</P>
        <P Name="Dst">309#in:1</P>
      </Branch>
      <Branch>
        <P Name="ZOrder">394</P>
        <P Name="Dst">263#in:1</P>
      </Branch>
    </Branch>
    <Branch>
      <P Name="ZOrder">374</P>
      <P Name="Points">[14, 0; 0, 20]</P>
      <P Name="Dst">259#in:1</P>
    </Branch>
  </Line>
  <Line>
    <P Name="ZOrder">393</P>
    <P Name="Src">262#out:1</P>
    <P Name="Dst">269#in:1</P>
  </Line>
  <Line>
    <P Name="ZOrder">376</P>
    <P Name="Src">256#out:1</P>
    <P Name="Points">[35, 0; 0, 20]</P>
    <P Name="Dst">260#in:1</P>
  </Line>
  <Line>
    <P Name="ZOrder">382</P>
    <P Name="Src">265#out:1</P>
    <P Name="Points">[37, 0]</P>
    <Branch>
      <P Name="ZOrder">388</P>
      <P Name="Dst">262#in:2</P>
    </Branch>
    <Branch>
      <P Name="ZOrder">387</P>
      <P Name="Points">[0, -55]</P>
      <P Name="Dst">266#in:1</P>
    </Branch>
  </Line>
  <Line>
    <P Name="ZOrder">380</P>
    <P Name="Src">263#out:1</P>
    <P Name="Dst">265#in:1</P>
  </Line>
  <Line>
    <P Name="ZOrder">386</P>
    <P Name="Src">261#out:1</P>
    <P Name="Points">[102, 0; 0, -55]</P>
    <P Name="Dst">262#in:1</P>
  </Line>
  <Line>
    <P Name="ZOrder">377</P>
    <P Name="Src">255#out:1</P>
    <P Name="Points">[17, 0]</P>
    <Branch>
      <P Name="ZOrder">379</P>
      <P Name="Points">[0, 20]</P>
      <P Name="Dst">264#in:1</P>
    </Branch>
    <Branch>
      <P Name="ZOrder">378</P>
      <P Name="Points">[18, 0; 0, -20]</P>
      <P Name="Dst">260#in:2</P>
    </Branch>
  </Line>
  <Line>
    <P Name="ZOrder">369</P>
    <P Name="Src">258#out:1</P>
    <P Name="Points">[35, 0; 0, -20]</P>
    <P Name="Dst">259#in:2</P>
  </Line>
  <Line>
    <P Name="ZOrder">373</P>
    <P Name="Src">260#out:1</P>
    <P Name="Points">[55, 0]</P>
    <P Name="Dst">261#in:2</P>
  </Line>
  <Line>
    <P Name="ZOrder">381</P>
    <P Name="Src">264#out:1</P>
    <P Name="Dst">265#in:2</P>
  </Line>
  <Line>
    <P Name="ZOrder">372</P>
    <P Name="Src">259#out:1</P>
    <P Name="Points">[55, 0]</P>
    <P Name="Dst">261#in:1</P>
  </Line>
  <Line>
    <P Name="ZOrder">399</P>
    <P Name="Src">266#out:1</P>
    <P Name="Points">[60, 0; 0, -65]</P>
    <P Name="Dst">309#in:2</P>
  </Line>
  <Line>
    <P Name="ZOrder">402</P>
    <P Name="Src">309#out:1</P>
    <P Name="Points">[35, 0; 0, 75]</P>
    <P Name="Dst">268#in:1</P>
  </Line>
</System>
