<?xml version="1.0" encoding="utf-8"?>
<Stateflow>
  <machine id="16">
    <P Name="sfVersion">80000032</P>
    <Children>
      <target id="87" name="sfun">
        <P Name="description">Default Simulink S-Function Target.</P>
      </target>
      <chart Ref="chart_17"/>
      <chart Ref="chart_25"/>
      <chart Ref="chart_32"/>
      <chart Ref="chart_41"/>
      <chart Ref="chart_48"/>
      <chart Ref="chart_55"/>
      <chart Ref="chart_63"/>
      <chart Ref="chart_70"/>
      <chart Ref="chart_80"/>
    </Children>
  </machine>
  <instance id="24">
    <P Name="machine">16</P>
    <P Name="name">Subsystem/Direction</P>
    <P Name="chart">17</P>
  </instance>
  <instance id="31">
    <P Name="machine">16</P>
    <P Name="name">Transf. to Robot Coordinates</P>
    <P Name="chart">25</P>
  </instance>
  <instance id="40">
    <P Name="machine">16</P>
    <P Name="name">Feedforward</P>
    <P Name="chart">32</P>
  </instance>
  <instance id="47">
    <P Name="machine">16</P>
    <P Name="name">Speeds to wL &amp; wR</P>
    <P Name="chart">41</P>
  </instance>
  <instance id="54">
    <P Name="machine">16</P>
    <P Name="name">Theta_dot</P>
    <P Name="chart">48</P>
  </instance>
  <instance id="62">
    <P Name="machine">16</P>
    <P Name="name">Positions</P>
    <P Name="chart">55</P>
  </instance>
  <instance id="69">
    <P Name="machine">16</P>
    <P Name="name">Omegas to v, w</P>
    <P Name="chart">63</P>
  </instance>
  <instance id="79">
    <P Name="machine">16</P>
    <P Name="name">LQR/Riccati Eqn</P>
    <P Name="chart">70</P>
  </instance>
  <instance id="86">
    <P Name="machine">16</P>
    <P Name="name">wrap2pi</P>
    <P Name="chart">80</P>
  </instance>
</Stateflow>
